jobcountry,country,sector,month,n_obs,posted_wage_growth_yoy,posted_wage_growth_yoy_3moavg
US,United States,Administrative Assistance,Jan-19,11754,0.037037037,NA
US,United States,Administrative Assistance,Feb-19,11081,0.043478261,NA
US,United States,Administrative Assistance,Mar-19,14581,0.038461538,0.039658945
US,United States,Administrative Assistance,Apr-19,14353,0.030710701,0.037550167
US,United States,Administrative Assistance,May-19,15709,0.041666667,0.036946302
US,United States,Administrative Assistance,Jun-19,13980,0.029411765,0.033929711
US,United States,Administrative Assistance,Jul-19,13049,0.03030303,0.033793821
US,United States,Administrative Assistance,Aug-19,15589,0.035384618,0.031699804
US,United States,Administrative Assistance,Sep-19,11685,0.038461538,0.034716396
US,United States,Administrative Assistance,Oct-19,13923,0.029550827000000002,0.034465661
US,United States,Administrative Assistance,Nov-19,11420,0.032258065,0.033423477
US,United States,Administrative Assistance,Dec-19,9972,0.026477425,0.029428772
US,United States,Administrative Assistance,Jan-20,17391,0.032258065,0.030331185
US,United States,Administrative Assistance,Feb-20,17052,0.027212144,0.028649211
US,United States,Administrative Assistance,Mar-20,12148,0.041666667,0.033712292
US,United States,Administrative Assistance,Apr-20,6247,0.052083333,0.040320715
US,United States,Administrative Assistance,May-20,13501,0.032258065,0.042002688
US,United States,Administrative Assistance,Jun-20,17604,0.027307694,0.037216364
US,United States,Administrative Assistance,Jul-20,20392,0.032034185,0.030533315
US,United States,Administrative Assistance,Aug-20,20573,0.04,0.03311396
US,United States,Administrative Assistance,Sep-20,20504,0.032258065,0.034764083
US,United States,Administrative Assistance,Oct-20,22310,0.0375,0.036586022
US,United States,Administrative Assistance,Nov-20,16146,0.034482759,0.034746941
US,United States,Administrative Assistance,Dec-20,15840,0.03432546,0.035436073
US,United States,Administrative Assistance,Jan-21,24635,0.04,0.036269406
US,United States,Administrative Assistance,Feb-21,25302,0.05,0.04144182
US,United States,Administrative Assistance,Mar-21,31949,0.037037037,0.042345679
US,United States,Administrative Assistance,Apr-21,29998,0.045454545,0.044163861
US,United States,Administrative Assistance,May-21,31662,0.064516129,0.049002571
US,United States,Administrative Assistance,Jun-21,33306,0.076923077,0.062297917
US,United States,Administrative Assistance,Jul-21,34298,0.071428571,0.070955926
US,United States,Administrative Assistance,Aug-21,31918,0.071428571,0.073260073
US,United States,Administrative Assistance,Sep-21,30950,0.081165541,0.074674228
US,United States,Administrative Assistance,Oct-21,31227,0.086956522,0.079850211
US,United States,Administrative Assistance,Nov-21,25563,0.090909091,0.086343718
US,United States,Administrative Assistance,Dec-21,26006,0.085714286,0.087859966
US,United States,Administrative Assistance,Jan-22,31021,0.089285714,0.088636364
US,United States,Administrative Assistance,Feb-22,31326,0.086206897,0.087068966
US,United States,Administrative Assistance,Mar-22,41340,0.0875,0.087664204
US,United States,Administrative Assistance,Apr-22,38972,0.089586345,0.087764414
US,United States,Administrative Assistance,May-22,37081,0.085034514,0.08737362
US,United States,Administrative Assistance,Jun-22,38268,0.076240065,0.083620308
US,United States,Administrative Assistance,Jul-22,48047,0.078513506,0.079929362
US,United States,Administrative Assistance,Aug-22,58091,0.069767442,0.074840338
US,United States,Administrative Assistance,Sep-22,50581,0.068965517,0.072415488
US,United States,Administrative Assistance,Oct-22,41237,0.066666667,0.068466542
US,United States,Administrative Assistance,Nov-22,41871,0.061292683,0.065641622
US,United States,Administrative Assistance,Dec-22,39867,0.058823529,0.06226096
US,United States,Administrative Assistance,Jan-23,49980,0.06047619,0.060197467
US,United States,Administrative Assistance,Feb-23,47572,0.0625,0.060599906
US,United States,Administrative Assistance,Mar-23,58895,0.060606061,0.061194083
US,United States,Administrative Assistance,Apr-23,53850,0.055333328,0.059479796
US,United States,Administrative Assistance,May-23,54228,0.052631579,0.056190323
US,United States,Administrative Assistance,Jun-23,53371,0.052631579,0.053532162
US,United States,Administrative Assistance,Jul-23,53140,0.05,0.051754386
US,United States,Administrative Assistance,Aug-23,61785,0.05,0.050877193
US,United States,Administrative Assistance,Sep-23,52577,0.048214884,0.049404961
US,United States,Administrative Assistance,Oct-23,49190,0.044444444,0.04755311
US,United States,Administrative Assistance,Nov-23,43507,0.042735043,0.045131457
US,United States,Administrative Assistance,Dec-23,38429,0.042553191,0.043244226
US,United States,Administrative Assistance,Jan-24,51929,0.040333332,0.041873855
US,United States,Administrative Assistance,Feb-24,50198,0.0390625,0.040649675
US,United States,Administrative Assistance,Mar-24,53005,0.038505707,0.039300513
US,United States,Administrative Assistance,Apr-24,49960,0.040312804,0.039293671
US,United States,Administrative Assistance,May-24,50776,0.039473684,0.039430732
US,United States,Administrative Assistance,Jun-24,48118,0.039325843,0.03970411
US,United States,Administrative Assistance,Jul-24,47797,0.046153846,0.041651124
US,United States,Administrative Assistance,Aug-24,53809,0.03921052,0.041563403
US,United States,Administrative Assistance,Sep-24,47526,0.043478261,0.042947542
US,United States,Administrative Assistance,Oct-24,48250,0.044444444,0.042377742
US,United States,Administrative Assistance,Nov-24,38426,0.048780488,0.045567731
US,United States,Administrative Assistance,Dec-24,35222,0.045279519,0.04616815
US,United States,Administrative Assistance,Jan-25,47330,0.044827098,0.046295702
US,United States,Administrative Assistance,Feb-25,41322,0.043257559,0.044454725
US,United States,Administrative Assistance,Mar-25,45180,0.032786885,0.040290514
US,United States,Administrative Assistance,Apr-25,43930,0.03030303,0.035449158
US,United States,Administrative Assistance,May-25,42530,0.032745572,0.031945163
US,United States,Administrative Assistance,Jun-25,38293,0.032240141,0.031762915
US,United States,Administrative Assistance,Jul-25,43465,0.029174944,0.031386886
US,United States,Administrative Assistance,Aug-25,44116,0.03125,0.030888362
US,United States,Administrative Assistance,Sep-25,37750,0.03125,0.030558315
US,United States,Administrative Assistance,Oct-25,41663,0.030422025,0.030974008
US,United States,Administrative Assistance,Nov-25,30874,0.030053672,0.030575232
US,United States,Administrative Assistance,Dec-25,27995,0.024333524,0.02826974
US,United States,Administrative Assistance,Jan-26,38990,0.027027027,0.027138074
US,United States,Administrative Assistance,Feb-26,35013,0.026315789,0.025892114
US,United States,Administrative Assistance,Mar-26,38457,0.03030303,0.027881949
US,United States,Administrative Assistance,Apr-26,39451,0.030618248,0.029079022
US,United States,Administrative Assistance,May-26,37390,0.030228907,0.030383395
US,United States,Administrative Assistance,Jun-26,35599,0.029411765,0.030086306
US,United States,Administrative Assistance,Jul-26,38887,0.029,0.029546891
US,United States,Administrative Assistance,Aug-26,38113,0.027777778,0.028729847
US,United States,Childcare,Jan-19,3109,0.042964589,NA
US,United States,Childcare,Feb-19,2998,0.017241379,NA
US,United States,Childcare,Mar-19,3547,0.041666667,0.033957545
US,United States,Childcare,Apr-19,3494,0.043202259,0.034036768
US,United States,Childcare,May-19,3186,0.047619048,0.044162658
US,United States,Childcare,Jun-19,2975,0.044642857,0.045154721
US,United States,Childcare,Jul-19,3737,0.026349447,0.039537117
US,United States,Childcare,Aug-19,4564,0.052631579,0.041207961
US,United States,Childcare,Sep-19,3266,0.024390244,0.03445709
US,United States,Childcare,Oct-19,3669,0.05,0.042340608
US,United States,Childcare,Nov-19,2867,0.020514431,0.031634892
US,United States,Childcare,Dec-19,2387,0.032258065,0.034257499
US,United States,Childcare,Jan-20,4456,0.041666667,0.031479721
US,United States,Childcare,Feb-20,4406,0.034482759,0.03613583
US,United States,Childcare,Mar-20,2632,0.024195889,0.033448438
US,United States,Childcare,Apr-20,830,0.056168844,0.038282497
US,United States,Childcare,May-20,1999,0,0.026788244
US,United States,Childcare,Jun-20,3255,0.023255814,0.026474886
US,United States,Childcare,Jul-20,5360,0.019480519,0.014245444
US,United States,Childcare,Aug-20,6827,0.037549992,0.026762108
US,United States,Childcare,Sep-20,5968,0.04,0.032343504
US,United States,Childcare,Oct-20,6032,0.018988102,0.032179365
US,United States,Childcare,Nov-20,4117,0.039268092,0.032752065
US,United States,Childcare,Dec-20,4217,0.026737968,0.028331387
US,United States,Childcare,Jan-21,6467,0.05,0.038668687
US,United States,Childcare,Feb-21,6503,0.060606061,0.045781343
US,United States,Childcare,Mar-21,8601,0.045983087,0.052196382
US,United States,Childcare,Apr-21,7421,0.041666667,0.049418605
US,United States,Childcare,May-21,7318,0.089043025,0.058897593
US,United States,Childcare,Jun-21,7884,0.103448276,0.078052656
US,United States,Childcare,Jul-21,9592,0.101745046,0.098078782
US,United States,Childcare,Aug-21,8727,0.092807924,0.099333749
US,United States,Childcare,Sep-21,7704,0.093987458,0.096180143
US,United States,Childcare,Oct-21,7720,0.11754386,0.101446414
US,United States,Childcare,Nov-21,6599,0.134615385,0.115382234
US,United States,Childcare,Dec-21,6456,0.142857143,0.131672129
US,United States,Childcare,Jan-22,7142,0.130434783,0.135969103
US,United States,Childcare,Feb-22,7359,0.128135593,0.133809173
US,United States,Childcare,Mar-22,10267,0.145833333,0.134801236
US,United States,Childcare,Apr-22,9179,0.142857143,0.138942023
US,United States,Childcare,May-22,8116,0.125,0.137896825
US,United States,Childcare,Jun-22,8445,0.120689655,0.129515599
US,United States,Childcare,Jul-22,13138,0.1,0.115229885
US,United States,Childcare,Aug-22,16399,0.096702951,0.105797536
US,United States,Childcare,Sep-22,12735,0.108695652,0.101799535
US,United States,Childcare,Oct-22,10694,0.085230024,0.096876209
US,United States,Childcare,Nov-22,10519,0.088121118,0.094015598
US,United States,Childcare,Dec-22,10417,0.0625,0.078617047
US,United States,Childcare,Jan-23,13068,0.074537037,0.075052718
US,United States,Childcare,Feb-23,12650,0.076923077,0.071320038
US,United States,Childcare,Mar-23,15647,0.06515415,0.072204755
US,United States,Childcare,Apr-23,13465,0.057692308,0.066589845
US,United States,Childcare,May-23,13042,0.053878875,0.058908444
US,United States,Childcare,Jun-23,12896,0.055555556,0.055708913
US,United States,Childcare,Jul-23,14645,0.058823529,0.056085987
US,United States,Childcare,Aug-23,16729,0.05,0.054793028
US,United States,Childcare,Sep-23,13964,0.048780488,0.052534672
US,United States,Childcare,Oct-23,13211,0.057692308,0.052157598
US,United States,Childcare,Nov-23,11695,0.048484848,0.051652548
US,United States,Childcare,Dec-23,9805,0.050971174,0.052382777
US,United States,Childcare,Jan-24,13535,0.046153846,0.048536623
US,United States,Childcare,Feb-24,13949,0.040896782,0.046007268
US,United States,Childcare,Mar-24,14649,0.052631579,0.046560736
US,United States,Childcare,Apr-24,12733,0.04166666,0.045065007
US,United States,Childcare,May-24,11658,0.045404903,0.046567714
US,United States,Childcare,Jun-24,10766,0.05,0.045690521
US,United States,Childcare,Jul-24,12773,0.033492823,0.042965909
US,United States,Childcare,Aug-24,13940,0.04,0.041164274
US,United States,Childcare,Sep-24,11483,0.035294118,0.036262314
US,United States,Childcare,Oct-24,11428,0.037735849,0.037676656
US,United States,Childcare,Nov-24,8889,0.035714286,0.036248084
US,United States,Childcare,Dec-24,7507,0.0625,0.045316712
US,United States,Childcare,Jan-25,10720,0.031746032,0.043320106
US,United States,Childcare,Feb-25,9161,0.019551214,0.037932415
US,United States,Childcare,Mar-25,9810,0.030122552,0.027139933
US,United States,Childcare,Apr-25,9401,0.037037037,0.028903601
US,United States,Childcare,May-25,8635,0.03030303,0.03248754
US,United States,Childcare,Jun-25,7993,0.058823529,0.042054532
US,United States,Childcare,Jul-25,10281,0.026122441,0.038416334
US,United States,Childcare,Aug-25,9720,0.02763236,0.03752611
US,United States,Childcare,Sep-25,7806,0.03030303,0.028019277
US,United States,Childcare,Oct-25,8245,0.02658595,0.02817378
US,United States,Childcare,Nov-25,6389,0.032258065,0.029715682
US,United States,Childcare,Dec-25,5730,0.030536131,0.029793382
US,United States,Childcare,Jan-26,7658,0.03333331,0.032042502
US,United States,Childcare,Feb-26,7138,0.027768821,0.030546087
US,United States,Childcare,Mar-26,7565,0.010555539,0.02388589
US,United States,Childcare,Apr-26,7788,0.01370892,0.017344427
US,United States,Childcare,May-26,6689,0.028708791,0.01765775
US,United States,Childcare,Jun-26,6701,0,0.014139237
US,United States,Childcare,Jul-26,8790,0.011021448,0.013243413
US,United States,Childcare,Aug-26,8396,0.007612605,0.006211351
US,United States,Cleaning & Sanitation,Jan-19,8164,0.04560309,NA
US,United States,Cleaning & Sanitation,Feb-19,8635,0.05,NA
US,United States,Cleaning & Sanitation,Mar-19,11988,0.044610272,0.046737787
US,United States,Cleaning & Sanitation,Apr-19,12046,0.048951049,0.047853774
US,United States,Cleaning & Sanitation,May-19,12742,0.0375,0.043687107
US,United States,Cleaning & Sanitation,Jun-19,11373,0.037060192,0.041170414
US,United States,Cleaning & Sanitation,Jul-19,10705,0.040650407,0.038403533
US,United States,Cleaning & Sanitation,Aug-19,12009,0.047619048,0.041776549
US,United States,Cleaning & Sanitation,Sep-19,8675,0.033077578,0.040449011
US,United States,Cleaning & Sanitation,Oct-19,10934,0.033863631,0.038186752
US,United States,Cleaning & Sanitation,Nov-19,8797,0.037037037,0.034659416
US,United States,Cleaning & Sanitation,Dec-19,7901,0.034482759,0.035127809
US,United States,Cleaning & Sanitation,Jan-20,11209,0.025,0.032173265
US,United States,Cleaning & Sanitation,Feb-20,12570,0.027777778,0.029086845
US,United States,Cleaning & Sanitation,Mar-20,10881,0.035714286,0.029497354
US,United States,Cleaning & Sanitation,Apr-20,6723,0.04333334,0.035608468
US,United States,Cleaning & Sanitation,May-20,12412,0.026119396,0.035055674
US,United States,Cleaning & Sanitation,Jun-20,16857,0.015151515,0.028201417
US,United States,Cleaning & Sanitation,Jul-20,19165,0.027777778,0.02301623
US,United States,Cleaning & Sanitation,Aug-20,18660,0.04027027,0.027733188
US,United States,Cleaning & Sanitation,Sep-20,17856,0.0375,0.035182683
US,United States,Cleaning & Sanitation,Oct-20,19315,0.045454545,0.041074939
US,United States,Cleaning & Sanitation,Nov-20,13682,0.052083333,0.045012626
US,United States,Cleaning & Sanitation,Dec-20,13097,0.062223451,0.053253777
US,United States,Cleaning & Sanitation,Jan-21,18684,0.055900638,0.056735807
US,United States,Cleaning & Sanitation,Feb-21,20992,0.06725068,0.06179159
US,United States,Cleaning & Sanitation,Mar-21,30639,0.064516129,0.062555816
US,United States,Cleaning & Sanitation,Apr-21,30052,0.078125,0.069963936
US,United States,Cleaning & Sanitation,May-21,29012,0.107142857,0.083261329
US,United States,Cleaning & Sanitation,Jun-21,29437,0.106382979,0.097216945
US,United States,Cleaning & Sanitation,Jul-21,27387,0.119266055,0.11093063
US,United States,Cleaning & Sanitation,Aug-21,24641,0.118162903,0.114603979
US,United States,Cleaning & Sanitation,Sep-21,23593,0.121175013,0.119534657
US,United States,Cleaning & Sanitation,Oct-21,23645,0.132075472,0.123804463
US,United States,Cleaning & Sanitation,Nov-21,20318,0.125,0.126083495
US,United States,Cleaning & Sanitation,Dec-21,20349,0.125,0.127358491
US,United States,Cleaning & Sanitation,Jan-22,21362,0.130434783,0.126811594
US,United States,Cleaning & Sanitation,Feb-22,22987,0.12,0.125144928
US,United States,Cleaning & Sanitation,Mar-22,31977,0.130217391,0.126884058
US,United States,Cleaning & Sanitation,Apr-22,30232,0.114754098,0.121657163
US,United States,Cleaning & Sanitation,May-22,28628,0.106382979,0.117118156
US,United States,Cleaning & Sanitation,Jun-22,28349,0.107003897,0.109380325
US,United States,Cleaning & Sanitation,Jul-22,33704,0.094583604,0.102656827
US,United States,Cleaning & Sanitation,Aug-22,39300,0.090909091,0.097498864
US,United States,Cleaning & Sanitation,Sep-22,34711,0.076923077,0.087471924
US,United States,Cleaning & Sanitation,Oct-22,30011,0.076923077,0.081585082
US,United States,Cleaning & Sanitation,Nov-22,30050,0.071428571,0.075091575
US,United States,Cleaning & Sanitation,Dec-22,29930,0.07246847,0.073606706
US,United States,Cleaning & Sanitation,Jan-23,32388,0.064592437,0.069496493
US,United States,Cleaning & Sanitation,Feb-23,32169,0.066666667,0.067909191
US,United States,Cleaning & Sanitation,Mar-23,41091,0.058823529,0.063360878
US,United States,Cleaning & Sanitation,Apr-23,37980,0.05766967,0.061053289
US,United States,Cleaning & Sanitation,May-23,38080,0.05551723,0.05733681
US,United States,Cleaning & Sanitation,Jun-23,36710,0.047653449,0.053613449
US,United States,Cleaning & Sanitation,Jul-23,34704,0.038461538,0.047210739
US,United States,Cleaning & Sanitation,Aug-23,38276,0.041666667,0.042593885
US,United States,Cleaning & Sanitation,Sep-23,32686,0.049180328,0.043102844
US,United States,Cleaning & Sanitation,Oct-23,32124,0.04109589,0.043980962
US,United States,Cleaning & Sanitation,Nov-23,28145,0.048485828,0.046254015
US,United States,Cleaning & Sanitation,Dec-23,24566,0.037702662,0.042428127
US,United States,Cleaning & Sanitation,Jan-24,28657,0.038461538,0.04155001
US,United States,Cleaning & Sanitation,Feb-24,29467,0.039473684,0.038545962
US,United States,Cleaning & Sanitation,Mar-24,35570,0.036363636,0.03809962
US,United States,Cleaning & Sanitation,Apr-24,33256,0.033333333,0.036390218
US,United States,Cleaning & Sanitation,May-24,33494,0.032000001,0.03389899
US,United States,Cleaning & Sanitation,Jun-24,30368,0.032258065,0.032530466
US,United States,Cleaning & Sanitation,Jul-24,29000,0.037878788,0.034045618
US,United States,Cleaning & Sanitation,Aug-24,31283,0.032786885,0.034307913
US,United States,Cleaning & Sanitation,Sep-24,26996,0.032786885,0.034484186
US,United States,Cleaning & Sanitation,Oct-24,28311,0.031072167,0.032215312
US,United States,Cleaning & Sanitation,Nov-24,22525,0.032189659,0.032016237
US,United States,Cleaning & Sanitation,Dec-24,20036,0.028571429,0.030611085
US,United States,Cleaning & Sanitation,Jan-25,26173,0.03125,0.030670363
US,United States,Cleaning & Sanitation,Feb-25,25289,0.030152391,0.029991273
US,United States,Cleaning & Sanitation,Mar-25,29070,0.028409091,0.029937161
US,United States,Cleaning & Sanitation,Apr-25,28909,0.027777778,0.028779753
US,United States,Cleaning & Sanitation,May-25,26847,0.029411765,0.028532878
US,United States,Cleaning & Sanitation,Jun-25,25364,0.03125,0.029479847
US,United States,Cleaning & Sanitation,Jul-25,28043,0.025,0.028553922
US,United States,Cleaning & Sanitation,Aug-25,26727,0.024844696,0.027031565
US,United States,Cleaning & Sanitation,Sep-25,23318,0.02568816,0.025177619
US,United States,Cleaning & Sanitation,Oct-25,25862,0.023809524,0.024780793
US,United States,Cleaning & Sanitation,Nov-25,19660,0.028571429,0.026023037
US,United States,Cleaning & Sanitation,Dec-25,19517,0.019672144,0.024017699
US,United States,Cleaning & Sanitation,Jan-26,24176,0.016393443,0.021545672
US,United States,Cleaning & Sanitation,Feb-26,24133,0.021276596,0.019114061
US,United States,Cleaning & Sanitation,Mar-26,26739,0.019019004,0.018896347
US,United States,Cleaning & Sanitation,Apr-26,27617,0.022222222,0.020839274
US,United States,Cleaning & Sanitation,May-26,25130,0.02189781,0.021046345
US,United States,Cleaning & Sanitation,Jun-26,24649,0.02562499,0.023248341
US,United States,Cleaning & Sanitation,Jul-26,25857,0.021203627,0.022908809
US,United States,Cleaning & Sanitation,Aug-26,25196,0.027027027,0.024618548
US,United States,Community & Social Service,Jan-19,6378,0.029411765,NA
US,United States,Community & Social Service,Feb-19,5899,0.02545455,NA
US,United States,Community & Social Service,Mar-19,7584,0.036309121,0.030391812
US,United States,Community & Social Service,Apr-19,7945,0.027522936,0.029762202
US,United States,Community & Social Service,May-19,7881,0.025641026,0.029824361
US,United States,Community & Social Service,Jun-19,7293,0.034482759,0.029215573
US,United States,Community & Social Service,Jul-19,7043,0.033845359,0.031323048
US,United States,Community & Social Service,Aug-19,8228,0.034737641,0.034355253
US,United States,Community & Social Service,Sep-19,5757,0.030430217,0.033004405
US,United States,Community & Social Service,Oct-19,7422,0.027027027,0.030731628
US,United States,Community & Social Service,Nov-19,6091,0.033499663,0.030318969
US,United States,Community & Social Service,Dec-19,5781,0.025000016,0.028508902
US,United States,Community & Social Service,Jan-20,9362,0.034482759,0.030994146
US,United States,Community & Social Service,Feb-20,8890,0.028651949,0.029378241
US,United States,Community & Social Service,Mar-20,7424,0.030253543,0.031129417
US,United States,Community & Social Service,Apr-20,5310,0.035714286,0.031539926
US,United States,Community & Social Service,May-20,7110,0.022417635000000002,0.029461821
US,United States,Community & Social Service,Jun-20,8635,0.009708738,0.022613553
US,United States,Community & Social Service,Jul-20,9957,0.029868644,0.020665006
US,United States,Community & Social Service,Aug-20,10421,0.032258065,0.023945149
US,United States,Community & Social Service,Sep-20,10889,0.024590172,0.028905627
US,United States,Community & Social Service,Oct-20,12487,0.027825776,0.028224671
US,United States,Community & Social Service,Nov-20,9292,0.028169014,0.026861654
US,United States,Community & Social Service,Dec-20,9676,0.025641026,0.027211939
US,United States,Community & Social Service,Jan-21,12795,0.037037037,0.030282359
US,United States,Community & Social Service,Feb-21,13390,0.030136957,0.03093834
US,United States,Community & Social Service,Mar-21,17149,0.036295021,0.034489672
US,United States,Community & Social Service,Apr-21,16138,0.041666667,0.036032882
US,United States,Community & Social Service,May-21,17358,0.058823529,0.045595072
US,United States,Community & Social Service,Jun-21,17284,0.062436441,0.054308879
US,United States,Community & Social Service,Jul-21,17657,0.063581563,0.061613844
US,United States,Community & Social Service,Aug-21,16194,0.066333326,0.06411711
US,United States,Community & Social Service,Sep-21,16253,0.065061949,0.064992279
US,United States,Community & Social Service,Oct-21,16866,0.064927472,0.065440915
US,United States,Community & Social Service,Nov-21,14542,0.072821839,0.067603753
US,United States,Community & Social Service,Dec-21,16002,0.079867103,0.072538804
US,United States,Community & Social Service,Jan-22,17161,0.081081081,0.077923341
US,United States,Community & Social Service,Feb-22,18343,0.083333333,0.081427172
US,United States,Community & Social Service,Mar-22,24920,0.083333333,0.082582583
US,United States,Community & Social Service,Apr-22,23765,0.083333333,0.083333333
US,United States,Community & Social Service,May-22,22722,0.072727273,0.07979798
US,United States,Community & Social Service,Jun-22,22471,0.075183157,0.077081254
US,United States,Community & Social Service,Jul-22,29639,0.077633598,0.075181343
US,United States,Community & Social Service,Aug-22,34574,0.076995081,0.076603945
US,United States,Community & Social Service,Sep-22,30645,0.078167105,0.077598595
US,United States,Community & Social Service,Oct-22,27099,0.072463768,0.075875318
US,United States,Community & Social Service,Nov-22,29139,0.069204981,0.073278618
US,United States,Community & Social Service,Dec-22,31461,0.071428571,0.07103244
US,United States,Community & Social Service,Jan-23,36335,0.075458045,0.072030532
US,United States,Community & Social Service,Feb-23,36584,0.06875,0.071878872
US,United States,Community & Social Service,Mar-23,44862,0.071197923,0.071801989
US,United States,Community & Social Service,Apr-23,40645,0.064415303,0.068121075
US,United States,Community & Social Service,May-23,40021,0.068965517,0.068192915
US,United States,Community & Social Service,Jun-23,39282,0.062168065,0.065182962
US,United States,Community & Social Service,Jul-23,39898,0.055022929,0.06205217
US,United States,Community & Social Service,Aug-23,46573,0.050431977,0.055874324
US,United States,Community & Social Service,Sep-23,40744,0.057360113,0.054271673
US,United States,Community & Social Service,Oct-23,39117,0.05,0.052597363
US,United States,Community & Social Service,Nov-23,38127,0.052063956,0.053141356
US,United States,Community & Social Service,Dec-23,35566,0.045454554,0.049172836
US,United States,Community & Social Service,Jan-24,43280,0.036363659,0.04462739
US,United States,Community & Social Service,Feb-24,43554,0.041333333,0.041050515
US,United States,Community & Social Service,Mar-24,47960,0.035874999,0.03785733
US,United States,Community & Social Service,Apr-24,43449,0.033989397,0.03706591
US,United States,Community & Social Service,May-24,43178,0.0375,0.035788132
US,United States,Community & Social Service,Jun-24,40120,0.040010859,0.037166752
US,United States,Community & Social Service,Jul-24,40284,0.038970568,0.038827142
US,United States,Community & Social Service,Aug-24,44315,0.03936,0.039447142
US,United States,Community & Social Service,Sep-24,36263,0.037735849,0.038688806
US,United States,Community & Social Service,Oct-24,38503,0.037906281,0.038334043
US,United States,Community & Social Service,Nov-24,33755,0.037037037,0.037559722
US,United States,Community & Social Service,Dec-24,29813,0.036087983,0.037010434
US,United States,Community & Social Service,Jan-25,40584,0.034179118,0.035768046
US,United States,Community & Social Service,Feb-25,35449,0.04,0.0367557
US,United States,Community & Social Service,Mar-25,40205,0.032818035,0.035665718
US,United States,Community & Social Service,Apr-25,39899,0.029411765,0.0340766
US,United States,Community & Social Service,May-25,36976,0.033821471,0.03201709
US,United States,Community & Social Service,Jun-25,31508,0.034047918,0.032427051
US,United States,Community & Social Service,Jul-25,35896,0.024590164,0.030819851
US,United States,Community & Social Service,Aug-25,36247,0.025,0.027879361
US,United States,Community & Social Service,Sep-25,31028,0.031158799,0.026916321
US,United States,Community & Social Service,Oct-25,35135,0.024495695,0.026884832
US,United States,Community & Social Service,Nov-25,27856,0.0187443,0.024799598
US,United States,Community & Social Service,Dec-25,26838,0.015881712,0.019707236
US,United States,Community & Social Service,Jan-26,35045,0.020196092,0.018274035
US,United States,Community & Social Service,Feb-26,31411,0.01910828,0.018395362
US,United States,Community & Social Service,Mar-26,32126,0.0178726,0.019058991
US,United States,Community & Social Service,Apr-26,32099,0.016713222,0.017898034
US,United States,Community & Social Service,May-26,30867,0.017857143,0.017480988
US,United States,Community & Social Service,Jun-26,29033,0.010544848,0.015038404
US,United States,Community & Social Service,Jul-26,31619,0.018518519,0.01564017
US,United States,Community & Social Service,Aug-26,31412,0.020000715,0.016354694
US,United States,Construction,Jan-19,3598,0.039055974,NA
US,United States,Construction,Feb-19,3892,0.035810184,NA
US,United States,Construction,Mar-19,6331,0.044444444,0.039770201
US,United States,Construction,Apr-19,7379,0.03125,0.037168209
US,United States,Construction,May-19,7463,0.038711289,0.038135244
US,United States,Construction,Jun-19,6477,0.037386443,0.035782577
US,United States,Construction,Jul-19,5843,0.04,0.038699244
US,United States,Construction,Aug-19,6511,0.041666667,0.03968437
US,United States,Construction,Sep-19,4334,0.019230769,0.033632479
US,United States,Construction,Oct-19,5282,0.035714286,0.032203907
US,United States,Construction,Nov-19,3755,0.030001469,0.028315508
US,United States,Construction,Dec-19,2879,0.033707865,0.033141207
US,United States,Construction,Jan-20,5061,0.007494763,0.023734699
US,United States,Construction,Feb-20,5447,0.027777778,0.022993469
US,United States,Construction,Mar-20,5439,0.028169014,0.021147185
US,United States,Construction,Apr-20,4700,0.037974684,0.031307158
US,United States,Construction,May-20,7879,0.022727273,0.029623657
US,United States,Construction,Jun-20,9399,0.0096249,0.023442286
US,United States,Construction,Jul-20,10304,0,0.010784058
US,United States,Construction,Aug-20,10922,0.010100995,0.006575299
US,United States,Construction,Sep-20,9816,0.030055459,0.013385485
US,United States,Construction,Oct-20,10545,0.025109613,0.021755356
US,United States,Construction,Nov-20,6821,0.030949113,0.028704729
US,United States,Construction,Dec-20,6086,0.045611214,0.03388998
US,United States,Construction,Jan-21,9540,0.038961039,0.038507122
US,United States,Construction,Feb-21,11676,0.042857143,0.042476465
US,United States,Construction,Mar-21,18999,0.047065338,0.042961173
US,United States,Construction,Apr-21,20536,0.045454545,0.045125675
US,United States,Construction,May-21,18050,0.06097561,0.051165164
US,United States,Construction,Jun-21,17463,0.060606061,0.055678739
US,United States,Construction,Jul-21,16072,0.076923077,0.066168249
US,United States,Construction,Aug-21,13285,0.083333333,0.073620824
US,United States,Construction,Sep-21,12592,0.084337349,0.081531253
US,United States,Construction,Oct-21,11880,0.078947368,0.082206017
US,United States,Construction,Nov-21,9229,0.079156224,0.080813647
US,United States,Construction,Dec-21,9061,0.063829787,0.073977793
US,United States,Construction,Jan-22,10514,0.081627679,0.07487123
US,United States,Construction,Feb-22,12182,0.081081081,0.075512849
US,United States,Construction,Mar-22,17993,0.081836199,0.081514987
US,United States,Construction,Apr-22,16749,0.078947368,0.08062155
US,United States,Construction,May-22,15482,0.075471698,0.078751755
US,United States,Construction,Jun-22,16288,0.071428571,0.075282546
US,United States,Construction,Jul-22,19172,0.072463768,0.073121346
US,United States,Construction,Aug-22,22531,0.068573668,0.070822002
US,United States,Construction,Sep-22,18463,0.064935065,0.0686575
US,United States,Construction,Oct-22,14627,0.058823529,0.064110754
US,United States,Construction,Nov-22,13438,0.047619048,0.057125881
US,United States,Construction,Dec-22,12688,0.05,0.052147526
US,United States,Construction,Jan-23,14947,0.054945055,0.050854701
US,United States,Construction,Feb-23,15061,0.050957481,0.051967512
US,United States,Construction,Mar-23,21753,0.043478261,0.049793599
US,United States,Construction,Apr-23,21445,0.043478261,0.045971334
US,United States,Construction,May-23,21280,0.044444444,0.043800322
US,United States,Construction,Jun-23,20990,0.041602564,0.04317509
US,United States,Construction,Jul-23,19980,0.0375,0.041182336
US,United States,Construction,Aug-23,23505,0.035714286,0.038272283
US,United States,Construction,Sep-23,20069,0.041666667,0.038293651
US,United States,Construction,Oct-23,17226,0.034482759,0.037287904
US,United States,Construction,Nov-23,14402,0.034807169,0.036985532
US,United States,Construction,Dec-23,11960,0.039888888,0.036392939
US,United States,Construction,Jan-24,15065,0.028571429,0.034422495
US,United States,Construction,Feb-24,16131,0.025641026,0.031367114
US,United States,Construction,Mar-24,20491,0.03125,0.028487485
US,United States,Construction,Apr-24,19340,0.028195887,0.028362304
US,United States,Construction,May-24,18816,0.037974684,0.032473524
US,United States,Construction,Jun-24,16316,0.035532995,0.033901189
US,United States,Construction,Jul-24,14929,0.031414474,0.034974051
US,United States,Construction,Aug-24,16726,0.030204443,0.03238397
US,United States,Construction,Sep-24,13692,0.02390658,0.028508499
US,United States,Construction,Oct-24,14207,0.028037383,0.027382802
US,United States,Construction,Nov-24,10171,0.036745066,0.02956301
US,United States,Construction,Dec-24,8428,0.029230768,0.031337739
US,United States,Construction,Jan-25,13030,0.034799995,0.033591943
US,United States,Construction,Feb-25,12527,0.027923963,0.030651575
US,United States,Construction,Mar-25,16082,0.02347223,0.028732063
US,United States,Construction,Apr-25,16392,0.022222222,0.024539472
US,United States,Construction,May-25,15264,0.018518519,0.021404323
US,United States,Construction,Jun-25,14155,0.022727273,0.021156004
US,United States,Construction,Jul-25,15350,0.025641026,0.022295606
US,United States,Construction,Aug-25,16338,0.0304,0.026256099
US,United States,Construction,Sep-25,12871,0.034090909,0.030043978
US,United States,Construction,Oct-25,13741,0.027522936,0.030671282
US,United States,Construction,Nov-25,11428,0.033333333,0.031649059
US,United States,Construction,Dec-25,9644,0.033333333,0.031396534
US,United States,Construction,Jan-26,14398,0.022222222,0.02962963
US,United States,Construction,Feb-26,11327,0.020849671,0.025468409
US,United States,Construction,Mar-26,14746,0.030221023,0.024430972
US,United States,Construction,Apr-26,15053,0.030221023,0.027097239
US,United States,Construction,May-26,13614,0.034636445,0.03169283
US,United States,Construction,Jun-26,13110,0.030927855,0.031928441
US,United States,Construction,Jul-26,14359,0.03307402,0.03287944
US,United States,Construction,Aug-26,13931,0.033333333,0.03244507
US,United States,Customer Service,Jan-19,8148,0.04,NA
US,United States,Customer Service,Feb-19,8368,0.04265401,NA
US,United States,Customer Service,Mar-19,11100,0.044507554,0.042387188
US,United States,Customer Service,Apr-19,11306,0.03634081,0.041167458
US,United States,Customer Service,May-19,11577,0.035714286,0.038854217
US,United States,Customer Service,Jun-19,10264,0.025978408,0.032677834
US,United States,Customer Service,Jul-19,9992,0.038091742,0.033261479
US,United States,Customer Service,Aug-19,11537,0.040816327,0.034962159
US,United States,Customer Service,Sep-19,9567,0.038461538,0.039123202
US,United States,Customer Service,Oct-19,11035,0.036038961,0.038438942
US,United States,Customer Service,Nov-19,8974,0.028848821,0.034449774
US,United States,Customer Service,Dec-19,7578,0.019230769,0.028039517
US,United States,Customer Service,Jan-20,11776,0.036458333,0.028179308
US,United States,Customer Service,Feb-20,11982,0.033333333,0.029674145
US,United States,Customer Service,Mar-20,8728,0.038461538,0.036084402
US,United States,Customer Service,Apr-20,4568,0.033333333,0.035042735
US,United States,Customer Service,May-20,9787,0.011205273,0.027666715
US,United States,Customer Service,Jun-20,12759,0.029411765,0.024650124
US,United States,Customer Service,Jul-20,14829,0.016949153,0.01918873
US,United States,Customer Service,Aug-20,15389,0.023392613,0.023251177
US,United States,Customer Service,Sep-20,15542,0.028174603,0.02283879
US,United States,Customer Service,Oct-20,17197,0.0375,0.029689072
US,United States,Customer Service,Nov-20,12111,0.023532669,0.029735757
US,United States,Customer Service,Dec-20,11417,0.038461538,0.033164736
US,United States,Customer Service,Jan-21,16641,0.037037037,0.033010415
US,United States,Customer Service,Feb-21,17953,0.043478261,0.039658945
US,United States,Customer Service,Mar-21,25763,0.04000001,0.040171769
US,United States,Customer Service,Apr-21,26198,0.059594895,0.047691055
US,United States,Customer Service,May-21,27713,0.078069592,0.059221499
US,United States,Customer Service,Jun-21,28560,0.076923077,0.071529188
US,United States,Customer Service,Jul-21,25419,0.089629632,0.081540767
US,United States,Customer Service,Aug-21,23723,0.076923077,0.081158595
US,United States,Customer Service,Sep-21,23084,0.09325026,0.08660099
US,United States,Customer Service,Oct-21,23765,0.101867866,0.090680401
US,United States,Customer Service,Nov-21,19019,0.1,0.098372709
US,United States,Customer Service,Dec-21,19488,0.1,0.100622622
US,United States,Customer Service,Jan-22,21750,0.103448276,0.101149425
US,United States,Customer Service,Feb-22,22225,0.098591549,0.100679942
US,United States,Customer Service,Mar-22,29923,0.105263158,0.102434328
US,United States,Customer Service,Apr-22,28095,0.105409357,0.103088021
US,United States,Customer Service,May-22,26519,0.100917431,0.103863315
US,United States,Customer Service,Jun-22,26377,0.090909091,0.099078626
US,United States,Customer Service,Jul-22,31877,0.088544614,0.093457045
US,United States,Customer Service,Aug-22,38810,0.082367102,0.087273602
US,United States,Customer Service,Sep-22,33554,0.080431695,0.083781137
US,United States,Customer Service,Oct-22,29255,0.066666667,0.076488488
US,United States,Customer Service,Nov-22,28551,0.065909126,0.071002496
US,United States,Customer Service,Dec-22,27555,0.071428571,0.068001455
US,United States,Customer Service,Jan-23,31730,0.07000788,0.069115192
US,United States,Customer Service,Feb-23,31185,0.064709998,0.068715483
US,United States,Customer Service,Mar-23,38980,0.060606061,0.06510798
US,United States,Customer Service,Apr-23,36167,0.058578431,0.061298163
US,United States,Customer Service,May-23,35386,0.046153846,0.055112779
US,United States,Customer Service,Jun-23,34579,0.046875,0.050535759
US,United States,Customer Service,Jul-23,33560,0.04111112,0.044713322
US,United States,Customer Service,Aug-23,37898,0.05,0.045995373
US,United States,Customer Service,Sep-23,31957,0.041666694,0.044259271
US,United States,Customer Service,Oct-23,30860,0.043478261,0.045048318
US,United States,Customer Service,Nov-23,26913,0.04,0.041714985
US,United States,Customer Service,Dec-23,23447,0.033333333,0.038937198
US,United States,Customer Service,Jan-24,29537,0.033284294,0.035539209
US,United States,Customer Service,Feb-24,29290,0.033333333,0.033316987
US,United States,Customer Service,Mar-24,33976,0.03030303,0.032306886
US,United States,Customer Service,Apr-24,32223,0.026578341,0.030071568
US,United States,Customer Service,May-24,31220,0.03030303,0.029061467
US,United States,Customer Service,Jun-24,28913,0.030369389,0.029083587
US,United States,Customer Service,Jul-24,28185,0.03286385,0.031178757
US,United States,Customer Service,Aug-24,31429,0.025641026,0.029624755
US,United States,Customer Service,Sep-24,27386,0.03125,0.029918292
US,United States,Customer Service,Oct-24,27150,0.033333333,0.030074786
US,United States,Customer Service,Nov-24,21548,0.03125,0.031944444
US,United States,Customer Service,Dec-24,19725,0.03030303,0.031628788
US,United States,Customer Service,Jan-25,26308,0.032353221,0.031302084
US,United States,Customer Service,Feb-25,24102,0.034482759,0.03237967
US,United States,Customer Service,Mar-25,26724,0.035,0.033945327
US,United States,Customer Service,Apr-25,26638,0.029411765,0.032964841
US,United States,Customer Service,May-25,26650,0.029411765,0.03127451
US,United States,Customer Service,Jun-25,22301,0.029484,0.029435843
US,United States,Customer Service,Jul-25,25540,0.029411765,0.029435843
US,United States,Customer Service,Aug-25,26288,0.027667984,0.028854583
US,United States,Customer Service,Sep-25,22583,0.034482759,0.030520836
US,United States,Customer Service,Oct-25,24055,0.029850746,0.030667163
US,United States,Customer Service,Nov-25,18950,0.025,0.029777835
US,United States,Customer Service,Dec-25,17914,0.020560755,0.025137167
US,United States,Customer Service,Jan-26,24197,0.016949153,0.020836636
US,United States,Customer Service,Feb-26,21540,0.025409884,0.020973264
US,United States,Customer Service,Mar-26,23366,0.026909774,0.023089604
US,United States,Customer Service,Apr-26,24559,0.02989798,0.027405879
US,United States,Customer Service,May-26,22502,0.03125,0.029352585
US,United States,Customer Service,Jun-26,21239,0.030933329,0.03069377
US,United States,Customer Service,Jul-26,22926,0.029411765,0.030531698
US,United States,Customer Service,Aug-26,22777,0.031746032,0.030697042
US,United States,Dental,Jan-19,1196,0.027027027,NA
US,United States,Dental,Feb-19,1196,0.050013893,NA
US,United States,Dental,Mar-19,1557,0.029411765,0.035484228
US,United States,Dental,Apr-19,1702,0.04109589,0.040173849
US,United States,Dental,May-19,1907,0.04738806,0.039298572
US,United States,Dental,Jun-19,1776,0.05,0.046161317
US,United States,Dental,Jul-19,1634,0.032002048,0.043130036
US,United States,Dental,Aug-19,1750,0.055555556,0.045852535
US,United States,Dental,Sep-19,1292,0.037974684,0.041844096
US,United States,Dental,Oct-19,1557,0.033333333,0.042287857
US,United States,Dental,Nov-19,1526,0.027313266,0.032873761
US,United States,Dental,Dec-19,1436,0,0.020215533
US,United States,Dental,Jan-20,2876,0.012048193,0.013120486
US,United States,Dental,Feb-20,2739,-0.002772129,0.003092021
US,United States,Dental,Mar-20,1897,0,0.003092021
US,United States,Dental,Apr-20,1048,0,-9.24043e-4
US,United States,Dental,May-20,4911,0,0
US,United States,Dental,Jun-20,5931,0.014389234,0.004796411
US,United States,Dental,Jul-20,6036,0.017138962,0.010509399000000001
US,United States,Dental,Aug-20,5920,0.025641026,0.019056407
US,United States,Dental,Sep-20,5218,0.027777778,0.023519255
US,United States,Dental,Oct-20,5055,0.025641026,0.026353276
US,United States,Dental,Nov-20,3921,0.027402402,0.026940402
US,United States,Dental,Dec-20,4044,0.02739726,0.026813563
US,United States,Dental,Jan-21,6212,0.048486629,0.034428764
US,United States,Dental,Feb-21,6395,0.052631579,0.04283849
US,United States,Dental,Mar-21,7331,0.045115332,0.048744514
US,United States,Dental,Apr-21,7340,0.063301282,0.053682731
US,United States,Dental,May-21,7276,0.06097561,0.056464075
US,United States,Dental,Jun-21,7296,0.054054054,0.059443649
US,United States,Dental,Jul-21,6862,0.052631579,0.055887081
US,United States,Dental,Aug-21,6042,0.052631579,0.053105737
US,United States,Dental,Sep-21,5973,0.052631579,0.052631579
US,United States,Dental,Oct-21,5604,0.054054054,0.053105737
US,United States,Dental,Nov-21,4633,0.0625,0.056395211
US,United States,Dental,Dec-21,5239,0.068500066,0.061684707
US,United States,Dental,Jan-22,6155,0.066511111,0.065837059
US,United States,Dental,Feb-22,5691,0.05,0.061670392
US,United States,Dental,Mar-22,7710,0.058823529,0.05844488
US,United States,Dental,Apr-22,8050,0.066666667,0.058496732
US,United States,Dental,May-22,7554,0.058823529,0.061437908
US,United States,Dental,Jun-22,8056,0.052781091,0.059423762
US,United States,Dental,Jul-22,9811,0.058823529,0.056809383
US,United States,Dental,Aug-22,12012,0.055555556,0.055720059
US,United States,Dental,Sep-22,10209,0.058823529,0.057734205
US,United States,Dental,Oct-22,8736,0.052631579,0.055670221
US,United States,Dental,Nov-22,9228,0.049390244,0.053615117
US,United States,Dental,Dec-22,8836,0.052631579,0.051551134
US,United States,Dental,Jan-23,11593,0.052631579,0.051551134
US,United States,Dental,Feb-23,10381,0.071428571,0.058897243
US,United States,Dental,Mar-23,13088,0.069802463,0.064620871
US,United States,Dental,Apr-23,12460,0.051282051,0.064171028
US,United States,Dental,May-23,12623,0.055867665,0.05898406
US,United States,Dental,Jun-23,12564,0.058823529,0.055324415
US,United States,Dental,Jul-23,11888,0.058823529,0.057838241
US,United States,Dental,Aug-23,13773,0.0625,0.06004902
US,United States,Dental,Sep-23,12063,0.05,0.057107843
US,United States,Dental,Oct-23,11722,0.049691358,0.054063786
US,United States,Dental,Nov-23,11034,0.052631579,0.050774312
US,United States,Dental,Dec-23,9744,0.047058824,0.04979392
US,United States,Dental,Jan-24,13743,0.050707694,0.050132699
US,United States,Dental,Feb-24,12250,0.050617372,0.049461296
US,United States,Dental,Mar-24,12673,0.044036846,0.04845397
US,United States,Dental,Apr-24,11892,0.050460712,0.048371643
US,United States,Dental,May-24,12521,0.047590776,0.047362778
US,United States,Dental,Jun-24,11432,0.043027182,0.047026223
US,United States,Dental,Jul-24,11757,0.047041853,0.045886603
US,United States,Dental,Aug-24,12495,0.04,0.043356345
US,United States,Dental,Sep-24,10926,0.044949495,0.043997116
US,United States,Dental,Oct-24,11272,0.046025105,0.0436582
US,United States,Dental,Nov-24,9514,0.041916168,0.044296922
US,United States,Dental,Dec-24,8312,0.04,0.042647091
US,United States,Dental,Jan-25,12990,0.031036858,0.037651008
US,United States,Dental,Feb-25,10398,0.034687499,0.035241452
US,United States,Dental,Mar-25,11086,0.027777778,0.031167378
US,United States,Dental,Apr-25,10651,0.023549078,0.028671452
US,United States,Dental,May-25,10642,0.025641026,0.025655961
US,United States,Dental,Jun-25,9332,0.038961039,0.029383714
US,United States,Dental,Jul-25,10815,0.023809524,0.029470529
US,United States,Dental,Aug-25,10723,0.030090498,0.030953687
US,United States,Dental,Sep-25,9396,0.022222222,0.025374081
US,United States,Dental,Oct-25,9881,0.03,0.027437573
US,United States,Dental,Nov-25,7546,0.023364996,0.025195739
US,United States,Dental,Dec-25,7526,0.038961039,0.030775345
US,United States,Dental,Jan-26,10532,0.032608696,0.03164491
US,United States,Dental,Feb-26,8673,0.023809524,0.031793086
US,United States,Dental,Mar-26,9224,0.025369035,0.027262418
US,United States,Dental,Apr-26,9804,0.023952955,0.024377171
US,United States,Dental,May-26,9276,0.022727273,0.024016421
US,United States,Dental,Jun-26,9040,0.023255814,0.023312014
US,United States,Dental,Jul-26,9872,0.036431007,0.027471365
US,United States,Dental,Aug-26,9086,0.039215686,0.032967502
US,United States,Education & Instruction,Jan-19,5703,0.013888889,NA
US,United States,Education & Instruction,Feb-19,5396,0.007244904,NA
US,United States,Education & Instruction,Mar-19,6910,0.02014295,0.013758914
US,United States,Education & Instruction,Apr-19,6595,0.037437437,0.021608431
US,United States,Education & Instruction,May-19,6857,0.03125,0.029610129
US,United States,Education & Instruction,Jun-19,6459,0.029411765,0.032699734
US,United States,Education & Instruction,Jul-19,8526,0.020408163,0.027023309
US,United States,Education & Instruction,Aug-19,10851,0.019131247,0.022983725
US,United States,Education & Instruction,Sep-19,6313,0.014073571,0.017870994
US,United States,Education & Instruction,Oct-19,7422,0.018379882,0.0171949
US,United States,Education & Instruction,Nov-19,5982,0.027777778,0.020077077
US,United States,Education & Instruction,Dec-19,5252,0.022727273,0.022961644
US,United States,Education & Instruction,Jan-20,8752,0.030927835,0.027144295
US,United States,Education & Instruction,Feb-20,8391,0.019992193,0.0245491
US,United States,Education & Instruction,Mar-20,5750,0.020372055,0.023764027
US,United States,Education & Instruction,Apr-20,2988,0.022727273,0.021030507
US,United States,Education & Instruction,May-20,4780,0.001146768,0.014748698
US,United States,Education & Instruction,Jun-20,6401,0,0.007958014
US,United States,Education & Instruction,Jul-20,9713,0,3.82256e-4
US,United States,Education & Instruction,Aug-20,11665,0.011235955,0.003745318
US,United States,Education & Instruction,Sep-20,9861,0.011904762,0.007713572
US,United States,Education & Instruction,Oct-20,9479,0.018512606,0.013884441
US,United States,Education & Instruction,Nov-20,6427,0.00531853,0.011911966
US,United States,Education & Instruction,Dec-20,6145,0,0.007943712
US,United States,Education & Instruction,Jan-21,10057,0.012658228,0.005992253
US,United States,Education & Instruction,Feb-21,10626,0.016949153,0.009869127
US,United States,Education & Instruction,Mar-21,12301,0.026315789,0.018641057
US,United States,Education & Instruction,Apr-21,9906,0,0.014421647
US,United States,Education & Instruction,May-21,11527,0.044910582,0.023742124
US,United States,Education & Instruction,Jun-21,13501,0.041666667,0.028859083
US,United States,Education & Instruction,Jul-21,17991,0.055555556,0.047377601
US,United States,Education & Instruction,Aug-21,17938,0.0625,0.053240741
US,United States,Education & Instruction,Sep-21,15510,0.074074074,0.06404321
US,United States,Education & Instruction,Oct-21,14534,0.077881654,0.071485243
US,United States,Education & Instruction,Nov-21,11512,0.065233696,0.072396475
US,United States,Education & Instruction,Dec-21,11894,0.076923077,0.073346142
US,United States,Education & Instruction,Jan-22,13917,0.083333333,0.075163369
US,United States,Education & Instruction,Feb-22,15652,0.084825712,0.081694041
US,United States,Education & Instruction,Mar-22,20322,0.071428571,0.079862539
US,United States,Education & Instruction,Apr-22,19089,0.083333333,0.079862539
US,United States,Education & Instruction,May-22,17422,0.076923077,0.077228327
US,United States,Education & Instruction,Jun-22,19534,0.081081081,0.08044583
US,United States,Education & Instruction,Jul-22,30753,0.076060971,0.07802171
US,United States,Education & Instruction,Aug-22,37951,0.087423469,0.08152184
US,United States,Education & Instruction,Sep-22,29640,0.085681667,0.083055369
US,United States,Education & Instruction,Oct-22,23065,0.082644628,0.085249922
US,United States,Education & Instruction,Nov-22,24083,0.077782984,0.082036427
US,United States,Education & Instruction,Dec-22,22581,0.066843034,0.075756882
US,United States,Education & Instruction,Jan-23,28872,0.070581973,0.071735997
US,United States,Education & Instruction,Feb-23,28951,0.064166474,0.06719716
US,United States,Education & Instruction,Mar-23,36759,0.071428571,0.068725673
US,United States,Education & Instruction,Apr-23,31209,0.061670024,0.065755023
US,United States,Education & Instruction,May-23,31642,0.051546392,0.061548329
US,United States,Education & Instruction,Jun-23,32424,0.052173913,0.05513011
US,United States,Education & Instruction,Jul-23,37068,0.054128534,0.05261628
US,United States,Education & Instruction,Aug-23,43818,0.051719129,0.052673859
US,United States,Education & Instruction,Sep-23,33885,0.041666667,0.049171443
US,United States,Education & Instruction,Oct-23,29966,0.041536905,0.044974233
US,United States,Education & Instruction,Nov-23,27662,0.042872972,0.042025515
US,United States,Education & Instruction,Dec-23,25379,0.042553191,0.042321023
US,United States,Education & Instruction,Jan-24,33056,0.036363636,0.0405966
US,United States,Education & Instruction,Feb-24,35375,0.038180883,0.03903257
US,United States,Education & Instruction,Mar-24,37597,0.033333333,0.035959284
US,United States,Education & Instruction,Apr-24,35079,0.031695835,0.034403351
US,United States,Education & Instruction,May-24,34472,0.044238821,0.036422663
US,United States,Education & Instruction,Jun-24,34045,0.038970583,0.038301746
US,United States,Education & Instruction,Jul-24,40124,0.038461538,0.040556981
US,United States,Education & Instruction,Aug-24,44935,0.044313175,0.040581765
US,United States,Education & Instruction,Sep-24,33979,0.045454545,0.042743086
US,United States,Education & Instruction,Oct-24,32689,0.03692,0.04222924
US,United States,Education & Instruction,Nov-24,26900,0.046115533,0.042830026
US,United States,Education & Instruction,Dec-24,24700,0.037677365,0.040237633
US,United States,Education & Instruction,Jan-25,32699,0.042753217,0.042182038
US,United States,Education & Instruction,Feb-25,31306,0.041666667,0.040699083
US,United States,Education & Instruction,Mar-25,36214,0.034482759,0.039634214
US,United States,Education & Instruction,Apr-25,38054,0.043478261,0.039875895
US,United States,Education & Instruction,May-25,35031,0.028368767,0.035443262
US,United States,Education & Instruction,Jun-25,30921,0.034156498,0.035334508
US,United States,Education & Instruction,Jul-25,37714,0.028571429,0.030365564
US,United States,Education & Instruction,Aug-25,37894,0.026935714,0.02988788
US,United States,Education & Instruction,Sep-25,28756,0.017858032,0.024455058
US,United States,Education & Instruction,Oct-25,27951,0.018416206,0.021069984
US,United States,Education & Instruction,Nov-25,21510,0.024088125,0.020120788
US,United States,Education & Instruction,Dec-25,20174,0.02,0.020834777
US,United States,Education & Instruction,Jan-26,24498,0.018518519,0.020868881
US,United States,Education & Instruction,Feb-26,24233,0.021276596,0.019931705
US,United States,Education & Instruction,Mar-26,28512,0.020154857,0.019983324
US,United States,Education & Instruction,Apr-26,29675,0.0125,0.017977151
US,United States,Education & Instruction,May-26,27340,0.020408163,0.017687673
US,United States,Education & Instruction,Jun-26,26376,0.015642156,0.01618344
US,United States,Education & Instruction,Jul-26,30381,0.019305019,0.01845178
US,United States,Education & Instruction,Aug-26,27552,0.010308981,0.015085386
US,United States,Food Preparation & Service,Jan-19,11375,0.045454545,NA
US,United States,Food Preparation & Service,Feb-19,12306,0.042818924,NA
US,United States,Food Preparation & Service,Mar-19,19842,0.043478261,0.043917244
US,United States,Food Preparation & Service,Apr-19,20547,0.041666667,0.042654617
US,United States,Food Preparation & Service,May-19,20939,0.038461538,0.041202155
US,United States,Food Preparation & Service,Jun-19,17481,0.035714286,0.038614164
US,United States,Food Preparation & Service,Jul-19,17546,0.033672245,0.035949356
US,United States,Food Preparation & Service,Aug-19,22113,0.037037037,0.035474523
US,United States,Food Preparation & Service,Sep-19,16344,0.036760983,0.035823422
US,United States,Food Preparation & Service,Oct-19,19421,0.027027027,0.033608349
US,United States,Food Preparation & Service,Nov-19,15100,0.033333333,0.032373781
US,United States,Food Preparation & Service,Dec-19,13107,0.026901746,0.029087369
US,United States,Food Preparation & Service,Jan-20,18856,0.021791895,0.027342325
US,United States,Food Preparation & Service,Feb-20,20599,0.026690729,0.025128123
US,United States,Food Preparation & Service,Mar-20,14789,0.021276596,0.023253074
US,United States,Food Preparation & Service,Apr-20,6336,0,0.015989108
US,United States,Food Preparation & Service,May-20,15543,0,0.007092199
US,United States,Food Preparation & Service,Jun-20,23270,0,0
US,United States,Food Preparation & Service,Jul-20,24048,0,0
US,United States,Food Preparation & Service,Aug-20,27013,0.016019647,0.005339882
US,United States,Food Preparation & Service,Sep-20,27948,0.016666667,0.010895438
US,United States,Food Preparation & Service,Oct-20,30713,0.020408163,0.017698159
US,United States,Food Preparation & Service,Nov-20,19653,0.018867925,0.018647585
US,United States,Food Preparation & Service,Dec-20,15914,0.019607843,0.019627977
US,United States,Food Preparation & Service,Jan-21,27275,0.031798953,0.023424907
US,United States,Food Preparation & Service,Feb-21,34517,0.047619048,0.033008615
US,United States,Food Preparation & Service,Mar-21,58417,0.068181818,0.04919994
US,United States,Food Preparation & Service,Apr-21,51097,0.1,0.071933622
US,United States,Food Preparation & Service,May-21,54518,0.125,0.097727273
US,United States,Food Preparation & Service,Jun-21,57126,0.128273687,0.117757896
US,United States,Food Preparation & Service,Jul-21,60192,0.13399896,0.129090882
US,United States,Food Preparation & Service,Aug-21,57395,0.138727386,0.133666678
US,United States,Food Preparation & Service,Sep-21,55037,0.14516129,0.139295879
US,United States,Food Preparation & Service,Oct-21,54086,0.14516129,0.143016656
US,United States,Food Preparation & Service,Nov-21,45974,0.154285703,0.148202761
US,United States,Food Preparation & Service,Dec-21,42224,0.157894737,0.152447244
US,United States,Food Preparation & Service,Jan-22,45898,0.145833333,0.152671258
US,United States,Food Preparation & Service,Feb-22,50333,0.130434783,0.144720951
US,United States,Food Preparation & Service,Mar-22,78778,0.132075472,0.136114529
US,United States,Food Preparation & Service,Apr-22,77872,0.119910419,0.127473558
US,United States,Food Preparation & Service,May-22,74606,0.094433665,0.115473185
US,United States,Food Preparation & Service,Jun-22,65349,0.083333333,0.099225806
US,United States,Food Preparation & Service,Jul-22,85219,0.08,0.085922333
US,United States,Food Preparation & Service,Aug-22,108681,0.079265873,0.080866402
US,United States,Food Preparation & Service,Sep-22,92548,0.066666667,0.075310847
US,United States,Food Preparation & Service,Oct-22,75158,0.066666667,0.070866402
US,United States,Food Preparation & Service,Nov-22,73243,0.064516129,0.065949821
US,United States,Food Preparation & Service,Dec-22,65747,0.0625,0.064560932
US,United States,Food Preparation & Service,Jan-23,75434,0.066666667,0.064560932
US,United States,Food Preparation & Service,Feb-23,74407,0.066666667,0.065277778
US,United States,Food Preparation & Service,Mar-23,99890,0.056086996,0.06314011
US,United States,Food Preparation & Service,Apr-23,96771,0.052631579,0.058461747
US,United States,Food Preparation & Service,May-23,96514,0.052076009,0.053598195
US,United States,Food Preparation & Service,Jun-23,83986,0.05,0.051569196
US,United States,Food Preparation & Service,Jul-23,85148,0.045761491,0.049279167
US,United States,Food Preparation & Service,Aug-23,100270,0.039269778,0.045010423
US,United States,Food Preparation & Service,Sep-23,82688,0.041666667,0.042232645
US,United States,Food Preparation & Service,Oct-23,84062,0.037533262,0.039489902
US,United States,Food Preparation & Service,Nov-23,69073,0.033333333,0.037511087
US,United States,Food Preparation & Service,Dec-23,63626,0.033333333,0.034733309
US,United States,Food Preparation & Service,Jan-24,70163,0.027777778,0.031481481
US,United States,Food Preparation & Service,Feb-24,69070,0.024390244,0.028500452
US,United States,Food Preparation & Service,Mar-24,90502,0.024666659,0.02561156
US,United States,Food Preparation & Service,Apr-24,85117,0.022556391,0.023871098
US,United States,Food Preparation & Service,May-24,84888,0.023255814,0.023492955
US,United States,Food Preparation & Service,Jun-24,70756,0.025,0.023604068
US,United States,Food Preparation & Service,Jul-24,68968,0.028571429,0.025609081
US,United States,Food Preparation & Service,Aug-24,78989,0.025702973,0.0264248
US,United States,Food Preparation & Service,Sep-24,69274,0.025,0.0264248
US,United States,Food Preparation & Service,Oct-24,66422,0.027777778,0.02616025
US,United States,Food Preparation & Service,Nov-24,52215,0.022222222,0.025
US,United States,Food Preparation & Service,Dec-24,46104,0.020064721,0.023354907
US,United States,Food Preparation & Service,Jan-25,57635,0.029117447,0.023801464
US,United States,Food Preparation & Service,Feb-25,55437,0.024053566,0.024411912
US,United States,Food Preparation & Service,Mar-25,69015,0.029411765,0.027527593
US,United States,Food Preparation & Service,Apr-25,69140,0.026086957,0.026517429
US,United States,Food Preparation & Service,May-25,64512,0.027777778,0.027758833
US,United States,Food Preparation & Service,Jun-25,55620,0.027141574,0.027002103
US,United States,Food Preparation & Service,Jul-25,68137,0.015189976000000001,0.023369776
US,United States,Food Preparation & Service,Aug-25,68972,0.025641026,0.022657525
US,United States,Food Preparation & Service,Sep-25,59181,0.020763881,0.020531627
US,United States,Food Preparation & Service,Oct-25,62919,0.021352584,0.02258583
US,United States,Food Preparation & Service,Nov-25,47944,0.020927174,0.021014546
US,United States,Food Preparation & Service,Dec-25,42441,0.017857143,0.020045634
US,United States,Food Preparation & Service,Jan-26,53586,0.019994668,0.019592995
US,United States,Food Preparation & Service,Feb-26,51814,0.026031978,0.021294596
US,United States,Food Preparation & Service,Mar-26,62269,0.025641028,0.023889225
US,United States,Food Preparation & Service,Apr-26,62277,0.027777778,0.026483595
US,United States,Food Preparation & Service,May-26,58858,0.027317285,0.02691203
US,United States,Food Preparation & Service,Jun-26,51209,0.027777778,0.02762428
US,United States,Food Preparation & Service,Jul-26,56519,0.028604343,0.027899802
US,United States,Food Preparation & Service,Aug-26,60298,0.025956838,0.02744632
US,United States,Installation & Maintenance,Jan-19,13829,0.039166673,NA
US,United States,Installation & Maintenance,Feb-19,14749,0.046511628,NA
US,United States,Installation & Maintenance,Mar-19,21490,0.04,0.041892767
US,United States,Installation & Maintenance,Apr-19,22116,0.038901619,0.041804416
US,United States,Installation & Maintenance,May-19,22854,0.028571429,0.035824349
US,United States,Installation & Maintenance,Jun-19,20536,0.031578947,0.033017332
US,United States,Installation & Maintenance,Jul-19,18556,0.03125,0.030466792
US,United States,Installation & Maintenance,Aug-19,20828,0.037037037,0.033288661
US,United States,Installation & Maintenance,Sep-19,12975,0.020004255,0.029430431
US,United States,Installation & Maintenance,Oct-19,17570,0.026094849,0.027712047
US,United States,Installation & Maintenance,Nov-19,13834,0.027027027,0.024375377
US,United States,Installation & Maintenance,Dec-19,11799,0.022727273,0.02528305
US,United States,Installation & Maintenance,Jan-20,20176,0.022727273,0.024160524
US,United States,Installation & Maintenance,Feb-20,21719,0.019607843,0.021687463
US,United States,Installation & Maintenance,Mar-20,20304,0.032258065,0.024864393
US,United States,Installation & Maintenance,Apr-20,15064,0.031925879,0.027930596
US,United States,Installation & Maintenance,May-20,24392,0.022727273,0.028970405
US,United States,Installation & Maintenance,Jun-20,30002,0.010721719,0.021791624
US,United States,Installation & Maintenance,Jul-20,33481,0.015625,0.016357997
US,United States,Installation & Maintenance,Aug-20,34532,0.019607843,0.015318187
US,United States,Installation & Maintenance,Sep-20,32185,0.027522936,0.020918593
US,United States,Installation & Maintenance,Oct-20,34693,0.031578947,0.026236575
US,United States,Installation & Maintenance,Nov-20,24879,0.030995369,0.030032417
US,United States,Installation & Maintenance,Dec-20,24354,0.03125,0.031274772
US,United States,Installation & Maintenance,Jan-21,36894,0.038461538,0.033568969
US,United States,Installation & Maintenance,Feb-21,41527,0.05,0.039903846
US,United States,Installation & Maintenance,Mar-21,57081,0.041666667,0.043376068
US,United States,Installation & Maintenance,Apr-21,53949,0.049180328,0.046948998
US,United States,Installation & Maintenance,May-21,52130,0.071428571,0.054091855
US,United States,Installation & Maintenance,Jun-21,55210,0.078730598,0.066446499
US,United States,Installation & Maintenance,Jul-21,51661,0.083333333,0.077830834
US,United States,Installation & Maintenance,Aug-21,43739,0.086206897,0.082756943
US,United States,Installation & Maintenance,Sep-21,43570,0.076904796,0.082148342
US,United States,Installation & Maintenance,Oct-21,42633,0.082952682,0.082021458
US,United States,Installation & Maintenance,Nov-21,35364,0.079545455,0.079800978
US,United States,Installation & Maintenance,Dec-21,37600,0.081081081,0.081193073
US,United States,Installation & Maintenance,Jan-22,44855,0.088888889,0.083171808
US,United States,Installation & Maintenance,Feb-22,46831,0.086956522,0.085642164
US,United States,Installation & Maintenance,Mar-22,65192,0.096153846,0.090666419
US,United States,Installation & Maintenance,Apr-22,64316,0.09052628,0.091212216
US,United States,Installation & Maintenance,May-22,60280,0.081081081,0.089253736
US,United States,Installation & Maintenance,Jun-22,65644,0.076923077,0.082843479
US,United States,Installation & Maintenance,Jul-22,81800,0.076923077,0.078309078
US,United States,Installation & Maintenance,Aug-22,93827,0.078947368,0.077597841
US,United States,Installation & Maintenance,Sep-22,80834,0.071428571,0.075766339
US,United States,Installation & Maintenance,Oct-22,68690,0.071428571,0.073934837
US,United States,Installation & Maintenance,Nov-22,69507,0.068181818,0.07034632
US,United States,Installation & Maintenance,Dec-22,70699,0.065178064,0.068262818
US,United States,Installation & Maintenance,Jan-23,85061,0.0625,0.065286627
US,United States,Installation & Maintenance,Feb-23,82465,0.067961165,0.065213076
US,United States,Installation & Maintenance,Mar-23,109653,0.055555556,0.062005574
US,United States,Installation & Maintenance,Apr-23,101415,0.058823529,0.060780083
US,United States,Installation & Maintenance,May-23,102773,0.052436062,0.055605049
US,United States,Installation & Maintenance,Jun-23,103567,0.05,0.053753197
US,United States,Installation & Maintenance,Jul-23,101936,0.046693047,0.049709703
US,United States,Installation & Maintenance,Aug-23,114954,0.045454545,0.047382531
US,United States,Installation & Maintenance,Sep-23,95504,0.045229934,0.045792509
US,United States,Installation & Maintenance,Oct-23,90419,0.040196063,0.043626848
US,United States,Installation & Maintenance,Nov-23,79624,0.036231884,0.040552627
US,United States,Installation & Maintenance,Dec-23,71588,0.036144578,0.037524175
US,United States,Installation & Maintenance,Jan-24,90626,0.032514427,0.03496363
US,United States,Installation & Maintenance,Feb-24,88531,0.03,0.032886335
US,United States,Installation & Maintenance,Mar-24,101628,0.034482759,0.032332395
US,United States,Installation & Maintenance,Apr-24,91406,0.03125,0.03191092
US,United States,Installation & Maintenance,May-24,92852,0.029537969,0.031756909
US,United States,Installation & Maintenance,Jun-24,89190,0.02879038,0.02985945
US,United States,Installation & Maintenance,Jul-24,84470,0.028571429,0.028966592
US,United States,Installation & Maintenance,Aug-24,92150,0.032918665,0.030093491
US,United States,Installation & Maintenance,Sep-24,75635,0.027777778,0.029755957
US,United States,Installation & Maintenance,Oct-24,77704,0.032258065,0.030984836
US,United States,Installation & Maintenance,Nov-24,61504,0.037037037,0.032357626
US,United States,Installation & Maintenance,Dec-24,55228,0.034883721,0.034726274
US,United States,Installation & Maintenance,Jan-25,81285,0.0342119,0.035377553
US,United States,Installation & Maintenance,Feb-25,73473,0.032051282,0.033715634
US,United States,Installation & Maintenance,Mar-25,82651,0.032377563,0.032880248
US,United States,Installation & Maintenance,Apr-25,84212,0.02970297,0.031377272
US,United States,Installation & Maintenance,May-25,81115,0.03030303,0.030794521
US,United States,Installation & Maintenance,Jun-25,73112,0.0278889,0.0292983
US,United States,Installation & Maintenance,Jul-25,83036,0.027833319,0.028675083
US,United States,Installation & Maintenance,Aug-25,83077,0.025277774,0.026999998
US,United States,Installation & Maintenance,Sep-25,67743,0.025862069,0.026324387
US,United States,Installation & Maintenance,Oct-25,75540,0.024959029,0.025366291
US,United States,Installation & Maintenance,Nov-25,55020,0.024789442,0.025203513
US,United States,Installation & Maintenance,Dec-25,52005,0.02310024,0.024282904
US,United States,Installation & Maintenance,Jan-26,70647,0.02396724,0.023952307
US,United States,Installation & Maintenance,Feb-26,64779,0.025423729,0.024163736
US,United States,Installation & Maintenance,Mar-26,73542,0.028557607,0.025982858
US,United States,Installation & Maintenance,Apr-26,74551,0.028443758,0.027475031
US,United States,Installation & Maintenance,May-26,66677,0.030047927,0.029016431
US,United States,Installation & Maintenance,Jun-26,68542,0.027027027,0.028506237
US,United States,Installation & Maintenance,Jul-26,73801,0.030284107,0.029119686999999998
US,United States,Installation & Maintenance,Aug-26,70905,0.03030303,0.029204721
US,United States,Loading & Stocking,Jan-19,4112,0.045454545,NA
US,United States,Loading & Stocking,Feb-19,4150,0.041666667,NA
US,United States,Loading & Stocking,Mar-19,6036,0.043478261,0.043533158
US,United States,Loading & Stocking,Apr-19,6205,0.051629913,0.045591614
US,United States,Loading & Stocking,May-19,6747,0.054545455,0.049884543
US,United States,Loading & Stocking,Jun-19,6137,0.050847458,0.052340942
US,United States,Loading & Stocking,Jul-19,5278,0.048786259,0.051393057
US,United States,Loading & Stocking,Aug-19,6643,0.049016552,0.04955009
US,United States,Loading & Stocking,Sep-19,4896,0.043416796,0.047073202
US,United States,Loading & Stocking,Oct-19,5991,0.043478261,0.04530387
US,United States,Loading & Stocking,Nov-19,4650,0.037395297,0.041430118
US,United States,Loading & Stocking,Dec-19,3616,0.037037037,0.039303532
US,United States,Loading & Stocking,Jan-20,5462,0.034612494,0.036348276
US,United States,Loading & Stocking,Feb-20,5693,0.043103448,0.038250993
US,United States,Loading & Stocking,Mar-20,5782,0.041666667,0.039794203
US,United States,Loading & Stocking,Apr-20,3670,0.037807318,0.040859144
US,United States,Loading & Stocking,May-20,6761,0.036005291,0.038493092
US,United States,Loading & Stocking,Jun-20,9126,0.020833333,0.031548648
US,United States,Loading & Stocking,Jul-20,11670,0.033333333,0.030057319
US,United States,Loading & Stocking,Aug-20,12109,0.037924144,0.030696937
US,United States,Loading & Stocking,Sep-20,12159,0.038461538,0.036573005
US,United States,Loading & Stocking,Oct-20,13824,0.04,0.038795227
US,United States,Loading & Stocking,Nov-20,9117,0.057692308,0.045384615
US,United States,Loading & Stocking,Dec-20,7935,0.052631579,0.050107962
US,United States,Loading & Stocking,Jan-21,11375,0.066666667,0.058996851
US,United States,Loading & Stocking,Feb-21,12401,0.069204981,0.062834409
US,United States,Loading & Stocking,Mar-21,18209,0.072949002,0.069606883
US,United States,Loading & Stocking,Apr-21,19188,0.08,0.074051328
US,United States,Loading & Stocking,May-21,18564,0.106779648,0.086576217
US,United States,Loading & Stocking,Jun-21,19476,0.107142857,0.097974168
US,United States,Loading & Stocking,Jul-21,19233,0.111111111,0.108344539
US,United States,Loading & Stocking,Aug-21,18034,0.103448276,0.107234081
US,United States,Loading & Stocking,Sep-21,17684,0.10566243,0.106740606
US,United States,Loading & Stocking,Oct-21,18142,0.104658161,0.104589622
US,United States,Loading & Stocking,Nov-21,14214,0.111111111,0.107143901
US,United States,Loading & Stocking,Dec-21,13962,0.111111111,0.108960128
US,United States,Loading & Stocking,Jan-22,15169,0.111111111,0.111111111
US,United States,Loading & Stocking,Feb-22,15428,0.109375,0.110532407
US,United States,Loading & Stocking,Mar-22,21937,0.111111111,0.110532407
US,United States,Loading & Stocking,Apr-22,21124,0.101707176,0.107397762
US,United States,Loading & Stocking,May-22,19283,0.083333333,0.098717207
US,United States,Loading & Stocking,Jun-22,19912,0.081967213,0.089002574
US,United States,Loading & Stocking,Jul-22,23574,0.076923077,0.080741208
US,United States,Loading & Stocking,Aug-22,28145,0.070175439,0.076355243
US,United States,Loading & Stocking,Sep-22,25929,0.064516129,0.070538215
US,United States,Loading & Stocking,Oct-22,21012,0.0625,0.065730523
US,United States,Loading & Stocking,Nov-22,20362,0.0625,0.063172043
US,United States,Loading & Stocking,Dec-22,18856,0.055555556,0.060185185
US,United States,Loading & Stocking,Jan-23,21051,0.054999948,0.057685168
US,United States,Loading & Stocking,Feb-23,19602,0.052993923,0.054516475
US,United States,Loading & Stocking,Mar-23,25383,0.055555556,0.054516475
US,United States,Loading & Stocking,Apr-23,23941,0.049180328,0.052576602
US,United States,Loading & Stocking,May-23,23253,0.042857143,0.049197675
US,United States,Loading & Stocking,Jun-23,23886,0.045454545,0.045830672
US,United States,Loading & Stocking,Jul-23,22413,0.046875,0.045062229
US,United States,Loading & Stocking,Aug-23,25384,0.037749439,0.043359661
US,United States,Loading & Stocking,Sep-23,22678,0.039011769,0.041212069
US,United States,Loading & Stocking,Oct-23,21681,0.035971223,0.037577477
US,United States,Loading & Stocking,Nov-23,18713,0.042857143,0.039280045
US,United States,Loading & Stocking,Dec-23,15510,0.044776119,0.041201495
US,United States,Loading & Stocking,Jan-24,18090,0.038167939,0.041933734
US,United States,Loading & Stocking,Feb-24,18344,0.03294873,0.038630929
US,United States,Loading & Stocking,Mar-24,21038,0.03125,0.034122223
US,United States,Loading & Stocking,Apr-24,21530,0.034484972,0.032894567
US,United States,Loading & Stocking,May-24,21186,0.033793311,0.033176095
US,United States,Loading & Stocking,Jun-24,19151,0.031320056,0.033199446
US,United States,Loading & Stocking,Jul-24,18473,0.028846154,0.03131984
US,United States,Loading & Stocking,Aug-24,20574,0.031176455,0.030447555
US,United States,Loading & Stocking,Sep-24,17620,0.028571429,0.029531346
US,United States,Loading & Stocking,Oct-24,17567,0.027027027,0.02892497
US,United States,Loading & Stocking,Nov-24,13871,0.019476496,0.025024984
US,United States,Loading & Stocking,Dec-24,11565,0.014285714,0.020263079
US,United States,Loading & Stocking,Jan-25,17966,0.023056468,0.018939559
US,United States,Loading & Stocking,Feb-25,18605,0.027777778,0.021706653
US,United States,Loading & Stocking,Mar-25,19016,0.024390244,0.02507483
US,United States,Loading & Stocking,Apr-25,17670,0.018811542,0.023659854
US,United States,Loading & Stocking,May-25,16715,0.022160824,0.021787537
US,United States,Loading & Stocking,Jun-25,15312,0.02049821,0.020490192
US,United States,Loading & Stocking,Jul-25,17129,0.020689655,0.02111623
US,United States,Loading & Stocking,Aug-25,17829,0.025,0.022062622
US,United States,Loading & Stocking,Sep-25,14758,0.02708559,0.024258415
US,United States,Loading & Stocking,Oct-25,15901,0.026030513,0.026038701
US,United States,Loading & Stocking,Nov-25,11449,0.024359024,0.025825043
US,United States,Loading & Stocking,Dec-25,10246,0.025641026,0.025343521
US,United States,Loading & Stocking,Jan-26,13875,0.022222222,0.024074091
US,United States,Loading & Stocking,Feb-26,13024,0.020304548,0.022722599
US,United States,Loading & Stocking,Mar-26,15600,0.023809524,0.022112098
US,United States,Loading & Stocking,Apr-26,15670,0.026315789,0.023476621
US,United States,Loading & Stocking,May-26,15221,0.02569445,0.025273254
US,United States,Loading & Stocking,Jun-26,15561,0.027777778,0.026596006
US,United States,Loading & Stocking,Jul-26,15713,0.027777778,0.027083335
US,United States,Loading & Stocking,Aug-26,15939,0.025641026,0.027065527
US,United States,Management,Jan-19,5819,0.022043673,NA
US,United States,Management,Feb-19,5430,0.010416667,NA
US,United States,Management,Mar-19,7951,0.027777778,0.020079372
US,United States,Management,Apr-19,7638,0.032258065,0.02348417
US,United States,Management,May-19,7943,0.030173737,0.03006986
US,United States,Management,Jun-19,7422,0.030224745,0.030885516
US,United States,Management,Jul-19,6839,0.029769959,0.030056147
US,United States,Management,Aug-19,8088,0.034940494,0.031645066
US,United States,Management,Sep-19,5753,0.013513507,0.026074654
US,United States,Management,Oct-19,8069,0.036254107,0.028236036
US,United States,Management,Nov-19,6415,0.020140931,0.023302849
US,United States,Management,Dec-19,5831,0.025641026,0.027345355
US,United States,Management,Jan-20,9206,0.03216352,0.025981826
US,United States,Management,Feb-20,8806,0.037037037,0.031613861
US,United States,Management,Mar-20,7166,0.032258065,0.033819541
US,United States,Management,Apr-20,5419,0.027777778,0.032357626
US,United States,Management,May-20,8542,0.013513514,0.024516452
US,United States,Management,Jun-20,9576,0,0.013763764
US,United States,Management,Jul-20,11250,0.026315789,0.013276434
US,United States,Management,Aug-20,11648,0.02010101,0.015472267
US,United States,Management,Sep-20,11847,0.037037037,0.027817946
US,United States,Management,Oct-20,13596,0.04,0.032379349
US,United States,Management,Nov-20,10294,0.04,0.039012346
US,United States,Management,Dec-20,9689,0.045454545,0.041818182
US,United States,Management,Jan-21,15238,0.034507167,0.039987237
US,United States,Management,Feb-21,16360,0.042553191,0.040838301
US,United States,Management,Mar-21,20368,0.03030303,0.035787796
US,United States,Management,Apr-21,19540,0.048076923,0.040311048
US,United States,Management,May-21,21717,0.071428571,0.049936175
US,United States,Management,Jun-21,23465,0.073359995,0.064288496
US,United States,Management,Jul-21,24183,0.08,0.074929522
US,United States,Management,Aug-21,23675,0.074411729,0.075923908
US,United States,Management,Sep-21,22729,0.076923077,0.077111602
US,United States,Management,Oct-21,23551,0.080645161,0.077326656
US,United States,Management,Nov-21,20682,0.07748305,0.07835043
US,United States,Management,Dec-21,21149,0.076923077,0.07835043
US,United States,Management,Jan-22,25570,0.082951914,0.079119347
US,United States,Management,Feb-22,26577,0.072107922,0.077327637
US,United States,Management,Mar-22,36454,0.086956522,0.080672119
US,United States,Management,Apr-22,36159,0.074074074,0.077712839
US,United States,Management,May-22,38558,0.076923077,0.079317891
US,United States,Management,Jun-22,37521,0.066666667,0.072554606
US,United States,Management,Jul-22,46045,0.076923077,0.073504274
US,United States,Management,Aug-22,54191,0.068965517,0.070851754
US,United States,Management,Sep-22,49585,0.055555556,0.06714805
US,United States,Management,Oct-22,39998,0.067391063,0.063970712
US,United States,Management,Nov-22,39817,0.071428571,0.06479173
US,United States,Management,Dec-22,39005,0.071428571,0.070082735
US,United States,Management,Jan-23,45761,0.076923077,0.073260073
US,United States,Management,Feb-23,44361,0.071428571,0.073260073
US,United States,Management,Mar-23,59744,0.068718958,0.072356869
US,United States,Management,Apr-23,57726,0.061320755,0.067156095
US,United States,Management,May-23,60696,0.063711769,0.064583827
US,United States,Management,Jun-23,58868,0.059999984,0.061677502
US,United States,Management,Jul-23,58370,0.044444444,0.056052066
US,United States,Management,Aug-23,65013,0.051724138,0.052056189
US,United States,Management,Sep-23,57742,0.052631579,0.049600054
US,United States,Management,Oct-23,60789,0.038414443,0.047590053
US,United States,Management,Nov-23,52323,0.03125,0.040765341
US,United States,Management,Dec-23,47110,0.029166667,0.032943703
US,United States,Management,Jan-24,59566,0.018518519,0.026311728
US,United States,Management,Feb-24,55501,0.021276596,0.02298726
US,United States,Management,Mar-24,67289,0.03030303,0.023366048
US,United States,Management,Apr-24,60351,0.029149514,0.026909714
US,United States,Management,May-24,63713,0.025862069,0.028438205
US,United States,Management,Jun-24,55253,0.02809457,0.027702051
US,United States,Management,Jul-24,53373,0.044117647,0.032691429
US,United States,Management,Aug-24,57309,0.039289937,0.037167385
US,United States,Management,Sep-24,50848,0.041830025,0.04174587
US,United States,Management,Oct-24,53157,0.040909091,0.040676351
US,United States,Management,Nov-24,41952,0.047118644,0.04328592
US,United States,Management,Dec-24,40871,0.041012631,0.043013455
US,United States,Management,Jan-25,53952,0.043956055,0.04402911
US,United States,Management,Feb-25,47372,0.04,0.041656229
US,United States,Management,Mar-25,51796,0.041666667,0.041874241
US,United States,Management,Apr-25,51849,0.040678434,0.0407817
US,United States,Management,May-25,51625,0.043478261,0.04194112
US,United States,Management,Jun-25,45376,0.037037037,0.04039791
US,United States,Management,Jul-25,55551,0.025329129,0.035281476
US,United States,Management,Aug-25,51415,0.028571429,0.030312532
US,United States,Management,Sep-25,47999,0.028571429,0.027490662
US,United States,Management,Oct-25,51953,0.025,0.027380952
US,United States,Management,Nov-25,40871,0.024390244,0.025987224
US,United States,Management,Dec-25,39535,0.026242996,0.02521108
US,United States,Management,Jan-26,51123,0.022347066,0.024326769
US,United States,Management,Feb-26,43743,0.027027027,0.025205696
US,United States,Management,Mar-26,46749,0.030000019,0.026458037
US,United States,Management,Apr-26,45710,0.03125,0.029425682
US,United States,Management,May-26,44173,0.030459164,0.030569728
US,United States,Management,Jun-26,42115,0.0434,0.035036388
US,United States,Management,Jul-26,44705,0.034482759,0.036113974
US,United States,Management,Aug-26,41783,0.037037037,0.038306599
US,United States,Medical Technician,Jan-19,2013,0.040408163,NA
US,United States,Medical Technician,Feb-19,1798,0.029411765,NA
US,United States,Medical Technician,Mar-19,2414,0.040770168,0.036863365
US,United States,Medical Technician,Apr-19,2424,0.037037037,0.035739656
US,United States,Medical Technician,May-19,2509,0.04,0.039269068
US,United States,Medical Technician,Jun-19,2318,0.021830773,0.032955937
US,United States,Medical Technician,Jul-19,2194,0.034482759,0.032104511
US,United States,Medical Technician,Aug-19,2701,0.022814025,0.026375852
US,United States,Medical Technician,Sep-19,1918,0.009009373,0.022102052
US,United States,Medical Technician,Oct-19,2746,0.035714286,0.022512561
US,United States,Medical Technician,Nov-19,2399,0.044751338,0.029824999
US,United States,Medical Technician,Dec-19,2114,0.025978408,0.035481344
US,United States,Medical Technician,Jan-20,4225,0.036700337,0.035810027
US,United States,Medical Technician,Feb-20,3936,0.029411765,0.030696836
US,United States,Medical Technician,Mar-20,3282,0.017857143,0.027989748
US,United States,Medical Technician,Apr-20,2351,0.046511628,0.031260178
US,United States,Medical Technician,May-20,4338,0.020833333,0.028400701
US,United States,Medical Technician,Jun-20,5322,0.034482759,0.033942573
US,United States,Medical Technician,Jul-20,6588,0.037037037,0.030784376
US,United States,Medical Technician,Aug-20,7013,0.038461538,0.036660445
US,United States,Medical Technician,Sep-20,7036,0.018518519,0.031339031
US,United States,Medical Technician,Oct-20,8134,0.04166668,0.032882246
US,United States,Medical Technician,Nov-20,6210,0.033060109,0.031081769
US,United States,Medical Technician,Dec-20,6448,0.041666667,0.038797819
US,United States,Medical Technician,Jan-21,9131,0.032754356,0.035827044
US,United States,Medical Technician,Feb-21,8863,0.054459491,0.042960171
US,United States,Medical Technician,Mar-21,10692,0.050847458,0.046020435
US,United States,Medical Technician,Apr-21,10905,0.055555556,0.053620835
US,United States,Medical Technician,May-21,11379,0.076923077,0.061108697
US,United States,Medical Technician,Jun-21,10986,0.064516129,0.065664921
US,United States,Medical Technician,Jul-21,11179,0.068918924,0.070119377
US,United States,Medical Technician,Aug-21,10821,0.076923077,0.070119377
US,United States,Medical Technician,Sep-21,11020,0.085814372,0.077218791
US,United States,Medical Technician,Oct-21,11386,0.088235294,0.083657581
US,United States,Medical Technician,Nov-21,9871,0.106382979,0.093477548
US,United States,Medical Technician,Dec-21,11166,0.1,0.098206091
US,United States,Medical Technician,Jan-22,12603,0.100323638,0.102235539
US,United States,Medical Technician,Feb-22,11310,0.093174449,0.097832696
US,United States,Medical Technician,Mar-22,14981,0.096866115,0.096788067
US,United States,Medical Technician,Apr-22,14917,0.090909091,0.093649885
US,United States,Medical Technician,May-22,13883,0.088596402,0.092123869
US,United States,Medical Technician,Jun-22,15459,0.103448276,0.094317923
US,United States,Medical Technician,Jul-22,19052,0.09375,0.095264893
US,United States,Medical Technician,Aug-22,22767,0.081081081,0.092759786
US,United States,Medical Technician,Sep-22,20675,0.068627451,0.081152844
US,United States,Medical Technician,Oct-22,18082,0.070422535,0.073377022
US,United States,Medical Technician,Nov-22,20041,0.064135735,0.067728574
US,United States,Medical Technician,Dec-22,21582,0.070422535,0.068326935
US,United States,Medical Technician,Jan-23,24854,0.060606061,0.065054777
US,United States,Medical Technician,Feb-23,23655,0.063279402,0.064769333
US,United States,Medical Technician,Mar-23,29854,0.060606061,0.061497174
US,United States,Medical Technician,Apr-23,27543,0.054054054,0.059313172
US,United States,Medical Technician,May-23,28780,0.055555556,0.056738557
US,United States,Medical Technician,Jun-23,28743,0.046875,0.052161537
US,United States,Medical Technician,Jul-23,27409,0.043802709,0.048744421
US,United States,Medical Technician,Aug-23,31839,0.051282051,0.04731992
US,United States,Medical Technician,Sep-23,29201,0.05,0.048361587
US,United States,Medical Technician,Oct-23,27839,0.044776119,0.048686057
US,United States,Medical Technician,Nov-23,26440,0.033733146,0.042836422
US,United States,Medical Technician,Dec-23,24830,0.034900017,0.037803094
US,United States,Medical Technician,Jan-24,30160,0.036614772,0.035082645
US,United States,Medical Technician,Feb-24,29127,0.031132128,0.034215639
US,United States,Medical Technician,Mar-24,31334,0.029411765,0.032386221
US,United States,Medical Technician,Apr-24,29297,0.02638633,0.028976741
US,United States,Medical Technician,May-24,30133,0.036144578,0.030647558
US,United States,Medical Technician,Jun-24,28360,0.027257954,0.029929621
US,United States,Medical Technician,Jul-24,28109,0.030365194,0.031255909
US,United States,Medical Technician,Aug-24,31395,0.029411765,0.029011638
US,United States,Medical Technician,Sep-24,27236,0.031322292,0.030366417
US,United States,Medical Technician,Oct-24,28566,0.032258065,0.030997374
US,United States,Medical Technician,Nov-24,24992,0.037878788,0.033819715
US,United States,Medical Technician,Dec-24,22680,0.033333314,0.034490055
US,United States,Medical Technician,Jan-25,29411,0.032258065,0.034490055
US,United States,Medical Technician,Feb-25,26123,0.039391294,0.034994224
US,United States,Medical Technician,Mar-25,28032,0.040540541,0.037396633
US,United States,Medical Technician,Apr-25,28186,0.038461538,0.039464458
US,United States,Medical Technician,May-25,26424,0.02961916,0.03620708
US,United States,Medical Technician,Jun-25,24370,0.03030303,0.032794576
US,United States,Medical Technician,Jul-25,26512,0.028571429,0.029497873
US,United States,Medical Technician,Aug-25,27326,0.037037037,0.031970499
US,United States,Medical Technician,Sep-25,23370,0.028846154,0.031484873
US,United States,Medical Technician,Oct-25,26437,0.023899994,0.029927728
US,United States,Medical Technician,Nov-25,20956,0.024390244,0.025712131
US,United States,Medical Technician,Dec-25,19546,0.014903163,0.021064467
US,United States,Medical Technician,Jan-26,22507,0.015075782,0.018123063
US,United States,Medical Technician,Feb-26,20531,0.019881206,0.01662005
US,United States,Medical Technician,Mar-26,22101,0.019655508,0.018204165
US,United States,Medical Technician,Apr-26,21529,0.005263153,0.014933289
US,United States,Medical Technician,May-26,21168,0.011235955,0.012051539
US,United States,Medical Technician,Jun-26,20659,0.014218618,0.010239242
US,United States,Medical Technician,Jul-26,21885,0.017857143,0.014437239
US,United States,Medical Technician,Aug-26,21128,0.008683869,0.013586543
US,United States,Nursing,Jan-19,6576,0.038461538,NA
US,United States,Nursing,Feb-19,5935,0.023736262,NA
US,United States,Nursing,Mar-19,7733,0.035714286,0.032637362
US,United States,Nursing,Apr-19,7729,0.037658768,0.032369772
US,United States,Nursing,May-19,8132,0.019321739,0.030898264
US,United States,Nursing,Jun-19,8364,0.03030303,0.029094512
US,United States,Nursing,Jul-19,7579,0.029411765,0.026345511
US,United States,Nursing,Aug-19,8752,0.032258065,0.03065762
US,United States,Nursing,Sep-19,7005,0.041727904,0.034465911
US,United States,Nursing,Oct-19,8714,0.023416387,0.032467452
US,United States,Nursing,Nov-19,7719,0.020833333,0.028659208
US,United States,Nursing,Dec-19,7343,0.023255814,0.022501845
US,United States,Nursing,Jan-20,11139,0.010109274,0.018066141
US,United States,Nursing,Feb-20,12721,0.026086973,0.019817354
US,United States,Nursing,Mar-20,11435,0.021547352,0.019247867
US,United States,Nursing,Apr-20,12274,0.04,0.029211442
US,United States,Nursing,May-20,14673,0.028034074,0.029860475
US,United States,Nursing,Jun-20,15617,0.022222222,0.030085432
US,United States,Nursing,Jul-20,19304,0.019803922,0.023353406
US,United States,Nursing,Aug-20,19411,0.032258065,0.024761403
US,United States,Nursing,Sep-20,20426,0.030019278,0.027360422
US,United States,Nursing,Oct-20,23932,0.030612245,0.030963196
US,United States,Nursing,Nov-20,20042,0.044776119,0.035135881
US,United States,Nursing,Dec-20,22580,0.057417582,0.044268649
US,United States,Nursing,Jan-21,27843,0.057652261,0.053281988
US,United States,Nursing,Feb-21,28850,0.065217391,0.060095745
US,United States,Nursing,Mar-21,34909,0.05952381,0.060797821
US,United States,Nursing,Apr-21,38708,0.05,0.058247067
US,United States,Nursing,May-21,36679,0.082568807,0.064030872
US,United States,Nursing,Jun-21,33341,0.090909091,0.074492633
US,United States,Nursing,Jul-21,31194,0.084745763,0.086074554
US,United States,Nursing,Aug-21,27572,0.086956522,0.087537125
US,United States,Nursing,Sep-21,29297,0.087378641,0.086360308
US,United States,Nursing,Oct-21,30066,0.100385045,0.091573402
US,United States,Nursing,Nov-21,28027,0.098581493,0.095448393
US,United States,Nursing,Dec-21,32548,0.096774194,0.098580244
US,United States,Nursing,Jan-22,33519,0.101116633,0.098824107
US,United States,Nursing,Feb-22,33004,0.096774194,0.098221673
US,United States,Nursing,Mar-22,42218,0.086768303,0.094886377
US,United States,Nursing,Apr-22,40577,0.096722845,0.093421781
US,United States,Nursing,May-22,41044,0.091777267,0.091756139
US,United States,Nursing,Jun-22,44432,0.090308394,0.092936169
US,United States,Nursing,Jul-22,57846,0.090253178,0.090779613
US,United States,Nursing,Aug-22,70901,0.076470599,0.085677391
US,United States,Nursing,Sep-22,62161,0.075938089,0.080887289
US,United States,Nursing,Oct-22,56095,0.06125,0.071219563
US,United States,Nursing,Nov-22,69170,0.052631579,0.063273223
US,United States,Nursing,Dec-22,82351,0.052631579,0.055504386
US,United States,Nursing,Jan-23,84386,0.05,0.051754386
US,United States,Nursing,Feb-23,79327,0.044909481,0.049180353
US,United States,Nursing,Mar-23,94917,0.045686519,0.046865333
US,United States,Nursing,Apr-23,88833,0.041753874,0.044116625
US,United States,Nursing,May-23,93121,0.039130435,0.042190276
US,United States,Nursing,Jun-23,95292,0.031746032,0.037543447
US,United States,Nursing,Jul-23,90604,0.026280597,0.032385688
US,United States,Nursing,Aug-23,100982,0.024541954,0.027522861
US,United States,Nursing,Sep-23,93676,0.025423729,0.025415427
US,United States,Nursing,Oct-23,91612,0.024490204,0.024818629
US,United States,Nursing,Nov-23,86650,0.025641026,0.025184986
US,United States,Nursing,Dec-23,84251,0.018283959,0.022805063
US,United States,Nursing,Jan-24,91408,0.016949153,0.020291379
US,United States,Nursing,Feb-24,90305,0.027345523,0.020859545
US,United States,Nursing,Mar-24,95382,0.026092037,0.023462237
US,United States,Nursing,Apr-24,82275,0.023809524,0.025749028
US,United States,Nursing,May-24,82487,0.021729308,0.023876956
US,United States,Nursing,Jun-24,72331,0.027027027,0.02418862
US,United States,Nursing,Jul-24,71279,0.029411765,0.026056033
US,United States,Nursing,Aug-24,74914,0.026086957,0.027508583
US,United States,Nursing,Sep-24,70198,0.028571429,0.028023383
US,United States,Nursing,Oct-24,73641,0.026315789,0.026991392
US,United States,Nursing,Nov-24,63919,0.022649312,0.02584551
US,United States,Nursing,Dec-24,60768,0.02173913,0.023568077
US,United States,Nursing,Jan-25,74193,0.023484832,0.022624425
US,United States,Nursing,Feb-25,66349,0.01463483,0.019952931
US,United States,Nursing,Mar-25,71343,0.02444002,0.020853227
US,United States,Nursing,Apr-25,69955,0.020097891,0.019724247
US,United States,Nursing,May-25,71766,0.0234375,0.02265847
US,United States,Nursing,Jun-25,63074,0.019607843,0.021047745
US,United States,Nursing,Jul-25,67899,0.016994511,0.020013285
US,United States,Nursing,Aug-25,68392,0.019347529,0.018649961
US,United States,Nursing,Sep-25,61226,0.011795206,0.016045749
US,United States,Nursing,Oct-25,66894,0.013513514,0.014885416
US,United States,Nursing,Nov-25,55102,0.011516367,0.012275029
US,United States,Nursing,Dec-25,51972,0.010204082,0.011744654
US,United States,Nursing,Jan-26,57315,0.013423423,0.011714624
US,United States,Nursing,Feb-26,52325,0.009682401,0.011103302
US,United States,Nursing,Mar-26,54234,0.010129917,0.011078581
US,United States,Nursing,Apr-26,52010,0.011173533,0.010328617
US,United States,Nursing,May-26,50275,0.008799988,0.010034479
US,United States,Nursing,Jun-26,48747,0.013157895,0.011043805
US,United States,Nursing,Jul-26,52116,0.017499958,0.013152613
US,United States,Nursing,Aug-26,49876,0.015936255,0.015531369
US,United States,Personal Care & Home Health,Jan-19,3041,0.033627077,NA
US,United States,Personal Care & Home Health,Feb-19,3110,0.035504202,NA
US,United States,Personal Care & Home Health,Mar-19,3800,0.025255106,0.031462128
US,United States,Personal Care & Home Health,Apr-19,3892,0.047945191,0.036234833
US,United States,Personal Care & Home Health,May-19,4034,0.047619048,0.040273115
US,United States,Personal Care & Home Health,Jun-19,3842,0.045115337,0.046893192
US,United States,Personal Care & Home Health,Jul-19,3512,0.056676288,0.049803558
US,United States,Personal Care & Home Health,Aug-19,4321,0.043478261,0.048423295
US,United States,Personal Care & Home Health,Sep-19,3741,0.025,0.041718183
US,United States,Personal Care & Home Health,Oct-19,4547,0.035088919,0.034522393
US,United States,Personal Care & Home Health,Nov-19,3925,0.040816327,0.033635082
US,United States,Personal Care & Home Health,Dec-19,3476,0.022500014,0.032801753
US,United States,Personal Care & Home Health,Jan-20,5146,0.034278955,0.032531765
US,United States,Personal Care & Home Health,Feb-20,5393,0.019230769,0.02533658
US,United States,Personal Care & Home Health,Mar-20,4951,0.036653228,0.030054318
US,United States,Personal Care & Home Health,Apr-20,4355,0.032685324,0.029523107
US,United States,Personal Care & Home Health,May-20,5711,0.023809524,0.031049359
US,United States,Personal Care & Home Health,Jun-20,7017,0.030750012,0.02908162
US,United States,Personal Care & Home Health,Jul-20,8234,0.019419306,0.024659614
US,United States,Personal Care & Home Health,Aug-20,8745,0.035594424,0.028587914
US,United States,Personal Care & Home Health,Sep-20,9001,0.035294118,0.030102616
US,United States,Personal Care & Home Health,Oct-20,10805,0.038961039,0.036616527
US,United States,Personal Care & Home Health,Nov-20,8117,0.044060559,0.039438572
US,United States,Personal Care & Home Health,Dec-20,9261,0.043478261,0.04216662
US,United States,Personal Care & Home Health,Jan-21,10025,0.043548369,0.04369573
US,United States,Personal Care & Home Health,Feb-21,10473,0.063829787,0.050285472
US,United States,Personal Care & Home Health,Mar-21,13367,0.052911534,0.053429897
US,United States,Personal Care & Home Health,Apr-21,14732,0.077282621,0.064674647
US,United States,Personal Care & Home Health,May-21,14078,0.083333333,0.071175829
US,United States,Personal Care & Home Health,Jun-21,13755,0.083333333,0.081316429
US,United States,Personal Care & Home Health,Jul-21,13661,0.097560976,0.088075881
US,United States,Personal Care & Home Health,Aug-21,12524,0.087719298,0.089537869
US,United States,Personal Care & Home Health,Sep-21,12511,0.107975197,0.097751824
US,United States,Personal Care & Home Health,Oct-21,12805,0.107142857,0.100945784
US,United States,Personal Care & Home Health,Nov-21,11235,0.111111111,0.108743055
US,United States,Personal Care & Home Health,Dec-21,12668,0.122749655,0.113667874
US,United States,Personal Care & Home Health,Jan-22,12737,0.111111111,0.114990626
US,United States,Personal Care & Home Health,Feb-22,12912,0.111111113,0.114990626
US,United States,Personal Care & Home Health,Mar-22,16187,0.111111111,0.111111112
US,United States,Personal Care & Home Health,Apr-22,15472,0.11627907,0.112833765
US,United States,Personal Care & Home Health,May-22,14476,0.106896565,0.111428915
US,United States,Personal Care & Home Health,Jun-22,15407,0.111111111,0.111428915
US,United States,Personal Care & Home Health,Jul-22,18766,0.108910891,0.108972856
US,United States,Personal Care & Home Health,Aug-22,22564,0.1,0.106674001
US,United States,Personal Care & Home Health,Sep-22,22223,0.08,0.09630363
US,United States,Personal Care & Home Health,Oct-22,19597,0.088721827,0.089573942
US,United States,Personal Care & Home Health,Nov-22,22359,0.083333333,0.084018387
US,United States,Personal Care & Home Health,Dec-22,26063,0.07435047,0.08213521
US,United States,Personal Care & Home Health,Jan-23,25105,0.081081074,0.079588292
US,United States,Personal Care & Home Health,Feb-23,25650,0.076923077,0.07745154
US,United States,Personal Care & Home Health,Mar-23,30907,0.071428571,0.076477574
US,United States,Personal Care & Home Health,Apr-23,28656,0.065,0.071117216
US,United States,Personal Care & Home Health,May-23,28111,0.056733134,0.064387235
US,United States,Personal Care & Home Health,Jun-23,28208,0.049180328,0.056971154
US,United States,Personal Care & Home Health,Jul-23,27961,0.035714286,0.047209249
US,United States,Personal Care & Home Health,Aug-23,32779,0.044117647,0.043004087
US,United States,Personal Care & Home Health,Sep-23,30258,0.0625,0.047443978
US,United States,Personal Care & Home Health,Oct-23,30675,0.049297469,0.051971705
US,United States,Personal Care & Home Health,Nov-23,29371,0.037878788,0.049892085
US,United States,Personal Care & Home Health,Dec-23,30069,0.041210416,0.042795557
US,United States,Personal Care & Home Health,Jan-24,32144,0.03030303,0.036464078
US,United States,Personal Care & Home Health,Feb-24,31642,0.032231442,0.034581629
US,United States,Personal Care & Home Health,Mar-24,35751,0.033333333,0.031955935
US,United States,Personal Care & Home Health,Apr-24,32577,0.032258065,0.032607613
US,United States,Personal Care & Home Health,May-24,32183,0.038461538,0.034684312
US,United States,Personal Care & Home Health,Jun-24,28004,0.034482759,0.035067454
US,United States,Personal Care & Home Health,Jul-24,27101,0.037037037,0.036660445
US,United States,Personal Care & Home Health,Aug-24,28260,0.033333333,0.034951043
US,United States,Personal Care & Home Health,Sep-24,27033,0.032258065,0.034209478
US,United States,Personal Care & Home Health,Oct-24,28676,0.033333333,0.03297491
US,United States,Personal Care & Home Health,Nov-24,25586,0.03030303,0.031964809
US,United States,Personal Care & Home Health,Dec-24,22965,0.030776515,0.03147096
US,United States,Personal Care & Home Health,Jan-25,26940,0.036697248,0.032592264
US,United States,Personal Care & Home Health,Feb-25,24594,0.031323803,0.032932522
US,United States,Personal Care & Home Health,Mar-25,27284,0.035714286,0.034578446
US,United States,Personal Care & Home Health,Apr-25,25893,0.033333333,0.033457141
US,United States,Personal Care & Home Health,May-25,24907,0.033333333,0.034126984
US,United States,Personal Care & Home Health,Jun-25,22560,0.034482759,0.033716475
US,United States,Personal Care & Home Health,Jul-25,24587,0.030255068,0.032690387
US,United States,Personal Care & Home Health,Aug-25,26471,0.03030303,0.031680286
US,United States,Personal Care & Home Health,Sep-25,21305,0.035087719,0.031881939
US,United States,Personal Care & Home Health,Oct-25,24749,0.03125,0.032213583
US,United States,Personal Care & Home Health,Nov-25,20493,0.031725549,0.032687756
US,United States,Personal Care & Home Health,Dec-25,20005,0.029411765,0.030795771
US,United States,Personal Care & Home Health,Jan-26,22252,0.02759546,0.029577591
US,United States,Personal Care & Home Health,Feb-26,20142,0.029748266,0.028918497
US,United States,Personal Care & Home Health,Mar-26,20949,0.030769231,0.029370986
US,United States,Personal Care & Home Health,Apr-26,20383,0.03125,0.030589166
US,United States,Personal Care & Home Health,May-26,19689,0.029411765,0.030476998
US,United States,Personal Care & Home Health,Jun-26,19573,0.027777778,0.029479847
US,United States,Personal Care & Home Health,Jul-26,20447,0.028428568,0.02853937
US,United States,Personal Care & Home Health,Aug-26,20008,0.029748296,0.028651547
US,United States,Production & Manufacturing,Jan-19,3189,0.05,NA
US,United States,Production & Manufacturing,Feb-19,2889,0.057581786,NA
US,United States,Production & Manufacturing,Mar-19,4331,0.049509804,0.052363863
US,United States,Production & Manufacturing,Apr-19,4363,0.038461538,0.048517709
US,United States,Production & Manufacturing,May-19,4822,0.05,0.045990447
US,United States,Production & Manufacturing,Jun-19,4476,0.041666667,0.043376068
US,United States,Production & Manufacturing,Jul-19,3900,0.026315789,0.039327485
US,United States,Production & Manufacturing,Aug-19,4897,0.038461538,0.035481332
US,United States,Production & Manufacturing,Sep-19,2946,0.033416669,0.032731332
US,United States,Production & Manufacturing,Oct-19,4398,0.04,0.037292736
US,United States,Production & Manufacturing,Nov-19,3061,0.037037037,0.036817902
US,United States,Production & Manufacturing,Dec-19,2342,0.027548755,0.034861931
US,United States,Production & Manufacturing,Jan-20,4425,0.033333333,0.032639709
US,United States,Production & Manufacturing,Feb-20,4378,0.02529413,0.028725406
US,United States,Production & Manufacturing,Mar-20,4714,0.035714286,0.03144725
US,United States,Production & Manufacturing,Apr-20,3450,0.047541108,0.036183175
US,United States,Production & Manufacturing,May-20,5095,0.028846154,0.037367183
US,United States,Production & Manufacturing,Jun-20,6444,0.027522936,0.034636733
US,United States,Production & Manufacturing,Jul-20,7426,0.030612245,0.028993778
US,United States,Production & Manufacturing,Aug-20,8516,0.038461538,0.032198906
US,United States,Production & Manufacturing,Sep-20,7992,0.04,0.036357928
US,United States,Production & Manufacturing,Oct-20,9000,0.04,0.039487179
US,United States,Production & Manufacturing,Nov-20,5976,0.037037037,0.039012346
US,United States,Production & Manufacturing,Dec-20,5361,0.055353531,0.044130189
US,United States,Production & Manufacturing,Jan-21,9320,0.043478261,0.04528961
US,United States,Production & Manufacturing,Feb-21,10360,0.051424193,0.050085328
US,United States,Production & Manufacturing,Mar-21,13865,0.057692308,0.050864921
US,United States,Production & Manufacturing,Apr-21,13475,0.048387097,0.052501199
US,United States,Production & Manufacturing,May-21,14160,0.092573181,0.066217528
US,United States,Production & Manufacturing,Jun-21,15086,0.096428571,0.079129616
US,United States,Production & Manufacturing,Jul-21,14880,0.1,0.096333917
US,United States,Production & Manufacturing,Aug-21,13762,0.09375,0.09672619
US,United States,Production & Manufacturing,Sep-21,14040,0.1,0.097916667
US,United States,Production & Manufacturing,Oct-21,14740,0.107692308,0.100480769
US,United States,Production & Manufacturing,Nov-21,11357,0.107142857,0.104945055
US,United States,Production & Manufacturing,Dec-21,11530,0.106060606,0.106965257
US,United States,Production & Manufacturing,Jan-22,15296,0.111805556,0.10833634
US,United States,Production & Manufacturing,Feb-22,15633,0.101355228,0.10640713
US,United States,Production & Manufacturing,Mar-22,21033,0.109232955,0.107464579
US,United States,Production & Manufacturing,Apr-22,19762,0.1,0.103529394
US,United States,Production & Manufacturing,May-22,18244,0.09074869,0.099993882
US,United States,Production & Manufacturing,Jun-22,18831,0.087719298,0.092822663
US,United States,Production & Manufacturing,Jul-22,23329,0.083333333,0.087267107
US,United States,Production & Manufacturing,Aug-22,28659,0.088235294,0.086429309
US,United States,Production & Manufacturing,Sep-22,25516,0.075,0.082189542
US,United States,Production & Manufacturing,Oct-22,21000,0.072193585,0.078476293
US,United States,Production & Manufacturing,Nov-22,20616,0.061871265,0.069688283
US,United States,Production & Manufacturing,Dec-22,19544,0.058823529,0.064296127
US,United States,Production & Manufacturing,Jan-23,25051,0.055555556,0.058750117
US,United States,Production & Manufacturing,Feb-23,22959,0.059006341,0.057795142
US,United States,Production & Manufacturing,Mar-23,29271,0.052631579,0.055731158
US,United States,Production & Manufacturing,Apr-23,26865,0.054148867,0.055262262
US,United States,Production & Manufacturing,May-23,27188,0.047181467,0.051320638
US,United States,Production & Manufacturing,Jun-23,27576,0.048729867,0.050020067
US,United States,Production & Manufacturing,Jul-23,26283,0.040540541,0.045483958
US,United States,Production & Manufacturing,Aug-23,30563,0.036764706,0.042011704
US,United States,Production & Manufacturing,Sep-23,26072,0.031784097,0.036363114
US,United States,Production & Manufacturing,Oct-23,24371,0.033333333,0.033960712
US,United States,Production & Manufacturing,Nov-23,20324,0.033650804,0.032922745
US,United States,Production & Manufacturing,Dec-23,18204,0.035490204,0.034158114
US,United States,Production & Manufacturing,Jan-24,23634,0.032840811,0.03399394
US,United States,Production & Manufacturing,Feb-24,21645,0.032010094,0.033447037
US,United States,Production & Manufacturing,Mar-24,24950,0.032258065,0.032369657
US,United States,Production & Manufacturing,Apr-24,22678,0.027027027,0.030431729
US,United States,Production & Manufacturing,May-24,21599,0.027027027,0.028770706
US,United States,Production & Manufacturing,Jun-24,20670,0.027027027,0.027027027
US,United States,Production & Manufacturing,Jul-24,19408,0.029411765,0.02782194
US,United States,Production & Manufacturing,Aug-24,21494,0.02968518,0.02870799
US,United States,Production & Manufacturing,Sep-24,17936,0.030561501,0.029886148
US,United States,Production & Manufacturing,Oct-24,18751,0.03030303,0.030183237
US,United States,Production & Manufacturing,Nov-24,13710,0.026315789,0.029060107
US,United States,Production & Manufacturing,Dec-24,11075,0.023809524,0.026809448
US,United States,Production & Manufacturing,Jan-25,18281,0.025,0.025041771
US,United States,Production & Manufacturing,Feb-25,16155,0.025641026,0.02481685
US,United States,Production & Manufacturing,Mar-25,18558,0.026315789,0.025652272
US,United States,Production & Manufacturing,Apr-25,18520,0.023840252,0.025265689
US,United States,Production & Manufacturing,May-25,18393,0.02633479,0.025496944
US,United States,Production & Manufacturing,Jun-25,16164,0.02641661,0.025530551
US,United States,Production & Manufacturing,Jul-25,17761,0.027777778,0.026843059
US,United States,Production & Manufacturing,Aug-25,18742,0.025585665,0.026593351
US,United States,Production & Manufacturing,Sep-25,16047,0.031620864,0.028328102
US,United States,Production & Manufacturing,Oct-25,17376,0.023809524,0.027005351
US,United States,Production & Manufacturing,Nov-25,12254,0.029411765,0.028280717
US,United States,Production & Manufacturing,Dec-25,10658,0.030626781,0.027949356
US,United States,Production & Manufacturing,Jan-26,16138,0.029411765,0.02981677
US,United States,Production & Manufacturing,Feb-26,15146,0.037037037,0.032358527
US,United States,Production & Manufacturing,Mar-26,16472,0.025641026,0.030696609
US,United States,Production & Manufacturing,Apr-26,17250,0.028037383,0.030238482
US,United States,Production & Manufacturing,May-26,17202,0.024431968,0.026036792
US,United States,Production & Manufacturing,Jun-26,16471,0.026315789,0.026261714
US,United States,Production & Manufacturing,Jul-26,18253,0.032258065,0.027668607
US,United States,Production & Manufacturing,Aug-26,18127,0.031152649,0.029908834
US,United States,Retail,Jan-19,5300,0.038675214,NA
US,United States,Retail,Feb-19,5800,0.04,NA
US,United States,Retail,Mar-19,8530,0.043478261,0.040717825
US,United States,Retail,Apr-19,9033,0.043478261,0.042318841
US,United States,Retail,May-19,8960,0.043478261,0.043478261
US,United States,Retail,Jun-19,7122,0.038218111,0.041724878
US,United States,Retail,Jul-19,7212,0.037068127,0.039588166
US,United States,Retail,Aug-19,9061,0.025422117,0.033569452
US,United States,Retail,Sep-19,7145,0.042857143,0.035115796
US,United States,Retail,Oct-19,9419,0.03867256,0.035650606
US,United States,Retail,Nov-19,7438,0.036540858,0.039356854
US,United States,Retail,Dec-19,5998,0.023809524,0.033007647
US,United States,Retail,Jan-20,8723,0.025,0.028450127
US,United States,Retail,Feb-20,9959,0.02,0.022936508
US,United States,Retail,Mar-20,9036,0.028571429,0.02452381
US,United States,Retail,Apr-20,5619,0.012500004,0.020357144
US,United States,Retail,May-20,10243,0.004728132,0.015266522
US,United States,Retail,Jun-20,12455,0.013391237,0.010206458
US,United States,Retail,Jul-20,15050,0.035504202,0.017874524
US,United States,Retail,Aug-20,17617,0.035038367,0.027977935
US,United States,Retail,Sep-20,17007,0.032258065,0.034266878
US,United States,Retail,Oct-20,19617,0.037915544,0.035070658
US,United States,Retail,Nov-20,13783,0.041666667,0.037280092
US,United States,Retail,Dec-20,11600,0.034090909,0.03789104
US,United States,Retail,Jan-21,16111,0.038461538,0.038073038
US,United States,Retail,Feb-21,17034,0.047083338,0.039878595
US,United States,Retail,Mar-21,25189,0.064665472,0.050070116
US,United States,Retail,Apr-21,24683,0.087792712,0.066513841
US,United States,Retail,May-21,25158,0.111111111,0.087856432
US,United States,Retail,Jun-21,25313,0.108333333,0.102412386
US,United States,Retail,Jul-21,26703,0.098993317,0.10614592
US,United States,Retail,Aug-21,26955,0.107142857,0.104823169
US,United States,Retail,Sep-21,26854,0.105263158,0.103799777
US,United States,Retail,Oct-21,28169,0.119565217,0.110657077
US,United States,Retail,Nov-21,24111,0.111111111,0.111979829
US,United States,Retail,Dec-21,35114,0.118689576,0.116455301
US,United States,Retail,Jan-22,26994,0.118907526,0.116236071
US,United States,Retail,Feb-22,24553,0.123182297,0.1202598
US,United States,Retail,Mar-22,34189,0.108695652,0.116928492
US,United States,Retail,Apr-22,32299,0.098214286,0.110030745
US,United States,Retail,May-22,33972,0.085764518,0.097558152
US,United States,Retail,Jun-22,31297,0.083333333,0.089104046
US,United States,Retail,Jul-22,39325,0.074850296,0.081316049
US,United States,Retail,Aug-22,49730,0.079591829,0.079258486
US,United States,Retail,Sep-22,43780,0.06833334,0.074258488
US,United States,Retail,Oct-22,43107,0.0625,0.070141723
US,United States,Retail,Nov-22,44364,0.055555556,0.062129632
US,United States,Retail,Dec-22,35520,0.058823529,0.058959695
US,United States,Retail,Jan-23,40090,0.058823529,0.057734205
US,United States,Retail,Feb-23,40940,0.055555556,0.057734205
US,United States,Retail,Mar-23,50743,0.059701493,0.058026859
US,United States,Retail,Apr-23,54471,0.052631579,0.055962876
US,United States,Retail,May-23,48963,0.053815237,0.055382769
US,United States,Retail,Jun-23,51947,0.046875,0.051107272
US,United States,Retail,Jul-23,52510,0.043478261,0.048056166
US,United States,Retail,Aug-23,62857,0.0376558,0.042669687
US,United States,Retail,Sep-23,54782,0.034482759,0.03853894
US,United States,Retail,Oct-23,52875,0.037593985,0.036577514
US,United States,Retail,Nov-23,41643,0.037037037,0.03637126
US,United States,Retail,Dec-23,39112,0.03030303,0.034978017
US,United States,Retail,Jan-24,45046,0.018957769,0.028765946
US,United States,Retail,Feb-24,42833,0.019730948,0.022997249
US,United States,Retail,Mar-24,61659,0.010988999,0.016559238
US,United States,Retail,Apr-24,48450,0.027027027,0.019248991
US,United States,Retail,May-24,55956,0.016666667,0.018227564
US,United States,Retail,Jun-24,47382,0.017984632,0.020559442
US,United States,Retail,Jul-24,47576,0.017766277,0.017472525
US,United States,Retail,Aug-24,46863,0.021276596,0.019009168
US,United States,Retail,Sep-24,41330,0.022772231,0.020605035
US,United States,Retail,Oct-24,36886,0.028571429,0.024206752
US,United States,Retail,Nov-24,36114,0.007407407,0.019583689
US,United States,Retail,Dec-24,24508,0.019047654,0.018342163
US,United States,Retail,Jan-25,37249,0.014925373,0.013793478
US,United States,Retail,Feb-25,33201,0.022222222,0.01873175
US,United States,Retail,Mar-25,39193,0.02189781,0.019681802
US,United States,Retail,Apr-25,40650,0.018181818,0.020767284
US,United States,Retail,May-25,41613,0.016949177,0.019009602
US,United States,Retail,Jun-25,31694,0.023809524,0.01964684
US,United States,Retail,Jul-25,39631,0.02238806,0.02104892
US,United States,Retail,Aug-25,39043,0.030405392,0.025534325
US,United States,Retail,Sep-25,34496,0.018034964,0.023609472
US,United States,Retail,Oct-25,35284,0.025304058,0.024581471
US,United States,Retail,Nov-25,26472,0.031914894,0.025084638
US,United States,Retail,Dec-25,24491,0.03030303,0.029173994
US,United States,Retail,Jan-26,34947,0.023529412,0.028582445
US,United States,Retail,Feb-26,27837,0.03125,0.028360814
US,United States,Retail,Mar-26,33497,0.032910976,0.029230129
US,United States,Retail,Apr-26,35942,0.03030303,0.031488002
US,United States,Retail,May-26,32988,0.034702609,0.032638872
US,United States,Retail,Jun-26,32024,0.030000007,0.031668549
US,United States,Retail,Jul-26,34355,0.030989273,0.031897297
US,United States,Retail,Aug-26,35035,0.026315789,0.02910169
US,United States,Security & Public Safety,Jan-19,3866,0.021715793,NA
US,United States,Security & Public Safety,Feb-19,3845,0.038418126,NA
US,United States,Security & Public Safety,Mar-19,5998,0.029433732,0.029855884
US,United States,Security & Public Safety,Apr-19,5750,0.022727273,0.030193044
US,United States,Security & Public Safety,May-19,6051,0.03441181,0.028857605
US,United States,Security & Public Safety,Jun-19,5296,0.033165198,0.030101427
US,United States,Security & Public Safety,Jul-19,4883,0.027777778,0.031784929
US,United States,Security & Public Safety,Aug-19,5766,0.03174604,0.030896338
US,United States,Security & Public Safety,Sep-19,4050,0.017857143,0.025793653
US,United States,Security & Public Safety,Oct-19,5009,0.019960573,0.023187918
US,United States,Security & Public Safety,Nov-19,4162,0.029673578,0.022497098
US,United States,Security & Public Safety,Dec-19,3857,0.031702385,0.027112179
US,United States,Security & Public Safety,Jan-20,5368,0.02878471,0.030053558
US,United States,Security & Public Safety,Feb-20,5573,0.023979253,0.028155449
US,United States,Security & Public Safety,Mar-20,5430,0.037268519,0.030010827
US,United States,Security & Public Safety,Apr-20,4133,0.038967611,0.033405128
US,United States,Security & Public Safety,May-20,5738,0.022727273,0.032987801
US,United States,Security & Public Safety,Jun-20,6533,0.019230769,0.026975218
US,United States,Security & Public Safety,Jul-20,7673,0.019059829,0.02033929
US,United States,Security & Public Safety,Aug-20,7338,0.020620748,0.019637116
US,United States,Security & Public Safety,Sep-20,6744,0.033333333,0.02433797
US,United States,Security & Public Safety,Oct-20,7673,0.026621686,0.026858589
US,United States,Security & Public Safety,Nov-20,6069,0.027083317,0.029012779
US,United States,Security & Public Safety,Dec-20,5956,0.018524871,0.024076625
US,United States,Security & Public Safety,Jan-21,8062,0.022253816,0.022620668
US,United States,Security & Public Safety,Feb-21,7634,0.032313028,0.024363905
US,United States,Security & Public Safety,Mar-21,11168,0.029955918,0.028174254
US,United States,Security & Public Safety,Apr-21,11743,0.029830628,0.030699858
US,United States,Security & Public Safety,May-21,11380,0.054965045,0.03825053
US,United States,Security & Public Safety,Jun-21,11489,0.068442054,0.051079242
US,United States,Security & Public Safety,Jul-21,11841,0.073252033,0.065553044
US,United States,Security & Public Safety,Aug-21,10988,0.071428571,0.071040886
US,United States,Security & Public Safety,Sep-21,9650,0.086949627,0.077210077
US,United States,Security & Public Safety,Oct-21,10395,0.083333333,0.080570511
US,United States,Security & Public Safety,Nov-21,8960,0.106138068,0.092140343
US,United States,Security & Public Safety,Dec-21,9299,0.113153642,0.100875014
US,United States,Security & Public Safety,Jan-22,11124,0.12027481,0.11318884
US,United States,Security & Public Safety,Feb-22,10956,0.109174823,0.114201091
US,United States,Security & Public Safety,Mar-22,14932,0.111371429,0.11360702
US,United States,Security & Public Safety,Apr-22,15214,0.12,0.113515417
US,United States,Security & Public Safety,May-22,13759,0.103807471,0.1117263
US,United States,Security & Public Safety,Jun-22,13533,0.1,0.107935824
US,United States,Security & Public Safety,Jul-22,14620,0.092735149,0.09884754
US,United States,Security & Public Safety,Aug-22,18096,0.094010927,0.095582025
US,United States,Security & Public Safety,Sep-22,14285,0.085957521,0.090901199
US,United States,Security & Public Safety,Oct-22,13176,0.08,0.086656149
US,United States,Security & Public Safety,Nov-22,14213,0.079365079,0.0817742
US,United States,Security & Public Safety,Dec-22,14762,0.080000025,0.079788368
US,United States,Security & Public Safety,Jan-23,15880,0.061670024,0.073678376
US,United States,Security & Public Safety,Feb-23,14634,0.071916989,0.07119568
US,United States,Security & Public Safety,Mar-23,18451,0.07052079,0.068035934
US,United States,Security & Public Safety,Apr-23,17369,0.071428571,0.071288784
US,United States,Security & Public Safety,May-23,16285,0.0625,0.068149787
US,United States,Security & Public Safety,Jun-23,15795,0.061547257,0.06515861
US,United States,Security & Public Safety,Jul-23,16422,0.055555556,0.059867604
US,United States,Security & Public Safety,Aug-23,19482,0.049295775,0.055466196
US,United States,Security & Public Safety,Sep-23,16505,0.045815094,0.050222141
US,United States,Security & Public Safety,Oct-23,16932,0.036866369,0.043992412
US,United States,Security & Public Safety,Nov-23,14864,0.040113754,0.040931739
US,United States,Security & Public Safety,Dec-23,14498,0.045528612,0.040836245
US,United States,Security & Public Safety,Jan-24,16848,0.040576911,0.042073092
US,United States,Security & Public Safety,Feb-24,16411,0.030769231,0.038958251
US,United States,Security & Public Safety,Mar-24,19367,0.035714286,0.035686809
US,United States,Security & Public Safety,Apr-24,17785,0.032645652,0.033043056
US,United States,Security & Public Safety,May-24,15722,0.038573213,0.035644384
US,United States,Security & Public Safety,Jun-24,13704,0.051742962000000003,0.040987276
US,United States,Security & Public Safety,Jul-24,13571,0.049951331,0.046755835
US,United States,Security & Public Safety,Aug-24,15159,0.053833023,0.051842439
US,United States,Security & Public Safety,Sep-24,12422,0.052631579,0.052138644
US,United States,Security & Public Safety,Oct-24,13396,0.05,0.052154867
US,United States,Security & Public Safety,Nov-24,10884,0.055555556,0.052729045
US,United States,Security & Public Safety,Dec-24,9560,0.046153846,0.050569801
US,United States,Security & Public Safety,Jan-25,13270,0.046042032,0.049250478
US,United States,Security & Public Safety,Feb-25,11874,0.051057649,0.047751176
US,United States,Security & Public Safety,Mar-25,12649,0.036940028,0.044679903
US,United States,Security & Public Safety,Apr-25,12583,0.044776119,0.044257932
US,United States,Security & Public Safety,May-25,12006,0.033231081,0.038315743
US,United States,Security & Public Safety,Jun-25,10627,0.029411765,0.035806322
US,United States,Security & Public Safety,Jul-25,11434,0.026315789,0.029652878
US,United States,Security & Public Safety,Aug-25,12141,0.025903211,0.027210255
US,United States,Security & Public Safety,Sep-25,10016,0.029882071,0.027367024
US,United States,Security & Public Safety,Oct-25,11149,0.026690684,0.027491989
US,United States,Security & Public Safety,Nov-25,8513,0.022727273,0.026433343
US,United States,Security & Public Safety,Dec-25,7785,0.017955694,0.022457883
US,United States,Security & Public Safety,Jan-26,10337,0.026515152,0.022399373
US,United States,Security & Public Safety,Feb-26,9412,0.024515876,0.022995574
US,United States,Security & Public Safety,Mar-26,9892,0.02191598,0.024315669
US,United States,Security & Public Safety,Apr-26,9987,0.019585296,0.022005717
US,United States,Security & Public Safety,May-26,10081,0.029386087,0.023629121
US,United States,Security & Public Safety,Jun-26,9567,0.023319797,0.02409706
US,United States,Security & Public Safety,Jul-26,10613,0.027777778,0.026827887
US,United States,Security & Public Safety,Aug-26,10346,0.02257228,0.024556618
US,United States,Therapy,Jan-19,3398,0,NA
US,United States,Therapy,Feb-19,3085,0.03125,NA
US,United States,Therapy,Mar-19,4297,0.021276596,0.017508865
US,United States,Therapy,Apr-19,4295,0.012345679,0.021624092
US,United States,Therapy,May-19,5008,0.015549662,0.016390646
US,United States,Therapy,Jun-19,3787,0.010104842,0.012666728
US,United States,Therapy,Jul-19,3804,0.014705882,0.013453462
US,United States,Therapy,Aug-19,4507,0.022347066,0.015719264
US,United States,Therapy,Sep-19,3148,0.033333333,0.023462094
US,United States,Therapy,Oct-19,4608,0.011235955,0.022305452
US,United States,Therapy,Nov-19,4047,0.029705868,0.024758385
US,United States,Therapy,Dec-19,3795,0.00981241,0.016918078
US,United States,Therapy,Jan-20,6160,0.014634146,0.018050808
US,United States,Therapy,Feb-20,6129,0.010753323,0.011733293
US,United States,Therapy,Mar-20,4346,0,0.00846249
US,United States,Therapy,Apr-20,2520,0,0.003584441
US,United States,Therapy,May-20,4563,0,0
US,United States,Therapy,Jun-20,5666,0.020000151,0.006666717
US,United States,Therapy,Jul-20,6324,0.02859588,0.016198677
US,United States,Therapy,Aug-20,6979,0.018766756,0.022454262
US,United States,Therapy,Sep-20,7924,0.007786885,0.018383174
US,United States,Therapy,Oct-20,9506,0.028846154,0.018466598
US,United States,Therapy,Nov-20,7742,0,0.012211013
US,United States,Therapy,Dec-20,7797,0.025641026,0.018162393
US,United States,Therapy,Jan-21,10244,0.016997304,0.014212776
US,United States,Therapy,Feb-21,11074,0.024077047,0.022238459
US,United States,Therapy,Mar-21,13729,0.047619048,0.029564466
US,United States,Therapy,Apr-21,12558,0.05,0.040565365
US,United States,Therapy,May-21,15014,0.057417343,0.051678797
US,United States,Therapy,Jun-21,15010,0.05,0.052472448
US,United States,Therapy,Jul-21,15362,0.043478261,0.050298535
US,United States,Therapy,Aug-21,13125,0.063031481,0.052169914
US,United States,Therapy,Sep-21,13863,0.063530819,0.056680187
US,United States,Therapy,Oct-21,15633,0.058609979,0.061724093
US,United States,Therapy,Nov-21,14472,0.053333333,0.058491377
US,United States,Therapy,Dec-21,15428,0.048334783,0.053426032
US,United States,Therapy,Jan-22,15928,0.068378509,0.056682208
US,United States,Therapy,Feb-22,17316,0.058823529,0.058512274
US,United States,Therapy,Mar-22,21806,0.049180328,0.058794122
US,United States,Therapy,Apr-22,21063,0.061538462,0.056514106
US,United States,Therapy,May-22,21099,0.045626046,0.052114945
US,United States,Therapy,Jun-22,21449,0.05,0.052388169
US,United States,Therapy,Jul-22,28745,0.057358508,0.050994851
US,United States,Therapy,Aug-22,36344,0.05,0.052452836
US,United States,Therapy,Sep-22,31594,0.050222951,0.052527153
US,United States,Therapy,Oct-22,28952,0.05,0.050074317
US,United States,Therapy,Nov-22,35519,0.045454545,0.048559165
US,United States,Therapy,Dec-22,37710,0.057142857,0.050865801
US,United States,Therapy,Jan-23,42021,0.05,0.050865801
US,United States,Therapy,Feb-23,42526,0.053508759,0.053550539
US,United States,Therapy,Mar-23,55029,0.054131043,0.0525466
US,United States,Therapy,Apr-23,48744,0.056399994,0.054679932
US,United States,Therapy,May-23,51049,0.052631579,0.054387539
US,United States,Therapy,Jun-23,50654,0.04719922,0.052076931
US,United States,Therapy,Jul-23,52168,0.054054054,0.051294951
US,United States,Therapy,Aug-23,58486,0.046589147,0.049280807
US,United States,Therapy,Sep-23,54664,0.045454545,0.048699249
US,United States,Therapy,Oct-23,55810,0.048780488,0.046941394
US,United States,Therapy,Nov-23,56801,0.037556755,0.043930596
US,United States,Therapy,Dec-23,55567,0.036514905,0.040950716
US,United States,Therapy,Jan-24,61087,0.032261963,0.035444541
US,United States,Therapy,Feb-24,62297,0.028571429,0.032449432
US,United States,Therapy,Mar-24,70122,0.019607843,0.026813745
US,United States,Therapy,Apr-24,61900,0.02325647,0.023811914
US,United States,Therapy,May-24,61980,0.025610427,0.022824913
US,United States,Therapy,Jun-24,55203,0.029776651,0.026214516
US,United States,Therapy,Jul-24,54929,0.01744186,0.024276313
US,United States,Therapy,Aug-24,61175,0.02189781,0.023038774
US,United States,Therapy,Sep-24,55155,0.02867145,0.022670374
US,United States,Therapy,Oct-24,57578,0.020204082,0.023591114
US,United States,Therapy,Nov-24,51618,0.026490066,0.025121866
US,United States,Therapy,Dec-24,48839,0.023255814,0.023316654
US,United States,Therapy,Jan-25,59194,0.023255814,0.024333898
US,United States,Therapy,Feb-25,50561,0.021282952,0.022598193
US,United States,Therapy,Mar-25,55852,0.022474286,0.022337684
US,United States,Therapy,Apr-25,55720,0.021276596,0.021677944
US,United States,Therapy,May-25,55211,0.025641026,0.023130636
US,United States,Therapy,Jun-25,49201,0.023188406,0.023368676
US,United States,Therapy,Jul-25,54754,0.024390244,0.024406558
US,United States,Therapy,Aug-25,55268,0.021822639,0.023133763
US,United States,Therapy,Sep-25,50264,0.020408163,0.022207015
US,United States,Therapy,Oct-25,55911,0.023255814,0.021828872
US,United States,Therapy,Nov-25,52633,0.020396807,0.021353595
US,United States,Therapy,Dec-25,46958,0.021483506,0.021712042
US,United States,Therapy,Jan-26,52417,0.020952361,0.020944225
US,United States,Therapy,Feb-26,49151,0.005405405,0.015947091
US,United States,Therapy,Mar-26,49880,0.013333333,0.013230367
US,United States,Therapy,Apr-26,50761,0.011235955,0.009991565
US,United States,Therapy,May-26,48188,0.002902538,0.009157275
US,United States,Therapy,Jun-26,46933,0,0.004712831
US,United States,Therapy,Jul-26,49314,0.006944444,0.003282327
US,United States,Therapy,Aug-26,48874,0.002564112,0.003169519
